company,adress,lat,lon
cardtronics,"21-22 Embankment Place,LONDON,UK WC2N 6NN",51.50743,-0.1231133
cardtronics,"The Strand,LONDON,UK WC2N 5HS",51.50794,-0.1246712
cardtronics,"1 Tavistock Court,COVENT GARDEN,UK WC2E 8BD",51.51212,-0.1237862
cardtronics,"Unit D, Ground Floor,LONDON,UK SE1 9",51.50773,-0.1115135
cardtronics,"Golden Cross House,London,UK 0WC2R",51.50829,-0.1266925
cardtronics,"62 Cornwell Road,LONDON,UK SE1 9PU",51.50635,-0.111679
cardtronics,"45 York Road,LONDON,UK SE1 7NJ",51.50324,-0.1151859
cardtronics,"27 York Road,LONDON,UK SE1 7NJ",51.50324,-0.1151859
cardtronics,"Westminster Bridge Road,London,UK SE1 7PB",51.50277,-0.1192323
cardtronics,"Westminster Bridge Road,London,UK SE1 7PB",51.50277,-0.1192323
cardtronics,"244 - 246 Westminster Bridge Road,WATERLOO,UK SE1 7PD",51.50277,-0.1192323
cardtronics,"Athlone Road,ROSCOMMON,UK .",51.5139,-0.126332
cardtronics,"Dublin Road,MEATH,UK .",51.5139,-0.126332
cardtronics,"Drury Lane,LONDON,UK WC2B 5NT",51.51551,-0.1221404
cardtronics,"3H Belvedere Road,LONDON,UK SE1 7GQ",51.50219,-0.1175924
cardtronics,"Opposite Main Entrance Waterloo Station,LONDON,UK SE1 7LY",51.5031,-0.1132439
cardtronics,"Station Approach,LONDON,UK SE1 8SW",51.5031,-0.1132439
cardtronics,"Station Approach,LONDON,UK SE1 8SW",51.5031,-0.1132439
cardtronics,"14 Leicester Square,LONDON,UK 0WC2H",51.51095,-0.1298083
cardtronics,"20 Cockspur Street,LONDON,UK SW1Y 5BL",51.50747,-0.1305102
cardtronics,"10 Drury Lane,London,UK WC2B 5RE",51.51575,-0.1241199
cardtronics,"244 - 246 Westminster Bridge Road,WATERLOO,UK SE1 7",51.50104,-0.117761
cardtronics,"252 High Holborn,LONDON,UK WC1V 7EN",51.51748,-0.1178969
cardtronics,"65 Fleet Street,LONDON,UK EC4Y 1HT",51.51397,-0.107554
cardtronics,"228 Shaftesbury Avenue,LONDON,UK WC2H 8EG",51.51672,-0.1258508
cardtronics,"200 Westminster Bridge Road,LONDON,UK SE1 7UT",51.50027,-0.1160957
cardtronics,"Unit 33 The Trocadero Centre,London,UK W1D 7DH",51.5109,-0.132996
cardtronics,"36-38 New Oxford Street,LONDON,UK WC1A 1EP",51.51726,-0.1257156
cardtronics,"52 Wardour Street,SOHO,UK W1D 6QU",51.51237,-0.1329327
cardtronics,"o/s Doggetts Coat & Badge Ph,LONDON,UK SE1 8NL",51.50493,-0.104111
cardtronics,"57 Red Lion Street,LONDON,UK WC1R 4PD",51.51925,-0.1172501
cardtronics,"Queen Victoria Street,London,UK EC4V 4DY",51.51131,-0.1026358
cardtronics,"Queen Victoria Street,London,UK EC4V 4DY",51.51131,-0.1026358
cardtronics,"Procession House,The City,UK 0EC4M",51.51402,-0.104024
cardtronics,"Ludgate Hill,London,UK EC4M 7JH",51.51392,-0.1037122
cardtronics,"1 Ludgate Circus,London,UK EC4M 7LW",51.51392,-0.1037122
cardtronics,"3 Sumner Street,London,UK SE1 9RE",51.50633,-0.1009442
cardtronics,"202 Union Street,LONDON,UK SE1 0",51.50383,-0.1019775
cardtronics,"Ludgate Hill,London,UK EC4M 7RA",51.51617,-0.1035695
cardtronics,"Atlantic House,London,UK EC1A 2FG",51.51778,-0.105707
cardtronics,"Unit B,LONDON,UK SE1 0",51.50016,-0.1049648
cardtronics,"400 Oxford Street,LONDON,UK W1A 1AB",51.51708,-0.1342257
cardtronics,"400 Oxford Street,LONDON,UK W1A 1AB",51.51708,-0.1342257
cardtronics,"400 Oxford Street,LONDON,UK W1A 1AB",51.51708,-0.1342257
cardtronics,"203-206 Union Street,LONDON,UK SE1 0",51.50359,-0.1004278
cardtronics,"114 Newgate Street,LONDON,UK EC1A 7AE",51.51607,-0.1012054
cardtronics,"39-43 Grays Inn Road,London,UK WC1X 8PR",51.52172,-0.1138116
cardtronics,"Colegrave House,LONDON,UK W1T 3NL",51.51638,-0.1364235
cardtronics,"19-21 Store Street,London,UK WC1E 7DB",51.52003,-0.1306428
cardtronics,"34 - 49 Grays Inn Road,London,UK 0WC1X",51.52202,-0.1139195
cardtronics,"Jct Farringdon Road and Grenville Road,LONDON,UK EC1M 3JF",51.51992,-0.1061059
cardtronics,"19 - 21 Store Street,London,UK 0WC1E",51.51974,-0.1321463
cardtronics,"102 Petty France,LONDON,UK SW1H 9AJ",51.49981,-0.1349799
cardtronics,"72-78 Lamb's Conduit Street,LONDON,UK WC1N 3LP",51.5226,-0.1187146
cardtronics,"27-31 Charlotte Street,LONDON,UK W1T 1",51.51868,-0.1354055
cardtronics,"16 London Road,LONDON,UK SE1 6JZ",51.49786,-0.1041557
cardtronics,"5 Cheapside,London,UK EC2V 6AA",51.51478,-0.09755799
cardtronics,"86-88 Turnmill Street,LONDON,UK EC1M 5QU",51.52074,-0.1045072
cardtronics,"ITN BUILDING - 192/200,LONDON,UK WC1X 8HB",51.52367,-0.114801
cardtronics,"136 Southwark Bridge Road,London,UK SE1 0DG",51.49984,-0.1000129
cardtronics,"Ground Floor Right,CHEAPSIDE,UK EC4M 9AF",51.51357,-0.09595879
cardtronics,"First Floor (Opposite Nandos) Right,CHEAPSIDE,UK EC4M 9AF",51.51357,-0.09595879
cardtronics,"Ground Floor Internal ATM,CHEAPSIDE,UK EC4M 9AF",51.51357,-0.09595879
cardtronics,"First Floor (opposite Nandos) Left,CHEAPSIDE,UK EC4M 9AF",51.51357,-0.09595879
cardtronics,"Ground Floor Left,CHEAPSIDE,UK EC4M 9AF",51.51357,-0.09595879
cardtronics,"30 BOROUGH ROAD,LONDON,UK SE1 0AJ",51.4992,-0.1003861
cardtronics,"38 BUCKINGHAM GATE,WESTMINSTER,UK SW1E 6BS",51.49867,-0.137869
cardtronics,"101-103 Southwark Bridge Road,London,UK SE1 0AX",51.50342,-0.09527699
cardtronics,"OPP THE EAGLE PUBLIC HOUSE,London,UK EC1R 3BL",51.52326,-0.1079463
cardtronics,"77-79 Union Street,London,UK SE1 1SG",51.50372,-0.09480931
cardtronics,"37/38 Woburn Place,LONDON,UK WC1H 0JR",51.5241,-0.1276258
cardtronics,"The Brunswick,LONDON,UK WC1N 1AF",51.5248,-0.1239244
cardtronics,"141 Lambeth Walk,London,UK SE11 6EE",51.49265,-0.1164487
cardtronics,"68 Marchmount Street,LONDON,UK WC1N 1AB",51.52534,-0.1251478
cardtronics,"282-302 Borough High Street,LONDON,UK SE1 1JJ",51.49957,-0.09638868
cardtronics,"87-89 Marchmount Street,LONDON,UK WC1N 1AL",51.52576,-0.125815
cardtronics,"Outside Elephant and Castle Underground,London,UK SE1 6LW",51.4958,-0.1007181
cardtronics,"11-13 Exmouth Market,London,UK EC1R 4QD",51.52559,-0.109952
cardtronics,"300 Oxford Street,London,UK W1C 1DX",51.51535,-0.1452033
cardtronics,"17 Shepherd Street,LONDON,UK W1J 7JG",51.50626,-0.1470887
cardtronics,"Arch 3,LONDON,UK EC4N 6AP",51.51092,-0.090477
cardtronics,"Arch 3,LONDON,UK EC4N 6AP",51.51092,-0.090477
cardtronics,"42 Exmouth Market,LONDON,UK EC1R 4QE",51.52581,-0.1088252
cardtronics,"Spearmint Rhino, 161 Tottenham Court Road,LONDON,UK W1T 7NN",51.52322,-0.1365283
cardtronics,"118 - 122 Great Portland Street,London,UK W1W 6",51.51965,-0.1423163
cardtronics,"118-122 Great Portland Street,London,UK W1W 6PS",51.51981,-0.1423796
cardtronics,"1 Medway Court,LONDON,UK WC1H 9QX",51.52687,-0.1245888
cardtronics,"294 Gray's Inn Road,LONDON,UK WC1X 8DX",51.52788,-0.1185248
cardtronics,"Silk Street,LONDON,UK EC2Y 8DS",51.51977,-0.09390178
cardtronics,"27-28 Curzon Street,LONDON,UK W1J 7TJ",51.50634,-0.1493948
cardtronics,"New Kent Road,LONDON,UK SE1 6PH",51.49518,-0.09747743
cardtronics,"Threadneedle Street,LONDON,UK EC2R 8AH",51.51435,-0.08904383
cardtronics,"Threadneedle Street,LONDON,UK EC2R 8AH",51.51435,-0.08904383
cardtronics,"235 Euston Road,LONDON,UK NW1 2BU",51.52481,-0.1369914
cardtronics,"20 Moorgate,LONDON,UK EC2R 6DA",51.51514,-0.08921041
cardtronics,"322 Vauxhall Bridge Road,LONDON,UK SW1V 1AA",51.49562,-0.1418167
cardtronics,"Elephant Road,London,UK SE17 1LB",51.49377,-0.09862208
cardtronics,"148 - 158 Vauxhall Bridge Road,LONDON,UK SW1V 2RE",51.49268,-0.1369738
cardtronics,"20 Moorgate,LONDON,UK 0EC2R",51.51609,-0.0890558
cardtronics,"99 Newington Butts,LONDON,UK SE1 6SF",51.49241,-0.1010491
cardtronics,"295 Euston Road,CAMDEN,UK NW1 3AD",51.5243,-0.1396548
cardtronics,"295 Euston Road,LONDON,UK NW1 3AD",51.5243,-0.1396548
cardtronics,"43 King William Street o/s Adelaide House,LONDON,UK EC4R 9AN",51.50997,-0.08666416
cardtronics,"124 Euston Road,LONDON,UK NW1 2AL",51.52832,-0.1291952
cardtronics,"80-82 Walworth Road,LONDON,UK SE1 6SW",51.49261,-0.09889844
cardtronics,"100 Kings Cross Road,London,UK WC1X 9DT",51.5295,-0.1155453
cardtronics,"10 Vauxhall Bridge Road,LONDON,UK SW1V 2SD",51.48964,-0.1311271
cardtronics,"Victoria Street,LONDON,UK SW1V 1JU",51.49568,-0.1447164
cardtronics,"Victoria Street,LONDON,UK SW1V 1JU",51.49568,-0.1447164
cardtronics,"Victoria Street,LONDON,UK SW1V 1JU",51.49568,-0.1447164
cardtronics,"Victoria Street,LONDON,UK SW1V 1JU",51.49568,-0.1447164
cardtronics,"Victoria Street,LONDON,UK SW1V 1JU",51.49568,-0.1447164
cardtronics,"Victoria Street,LONDON,UK SW1V 1JU",51.49568,-0.1447164
cardtronics,"Cherry Tree Walk Centre Whitecross Street,London,UK EC1Y 8NX",51.52179,-0.09234064
cardtronics,"151 Kings Cross Road,LONDON,UK 0WC1X",51.52995,-0.1165896
cardtronics,"333 Grays Inn Road,LONDON,UK WC1X 8PX",51.53029,-0.121567
cardtronics,"Euston Road,LONDON,UK NW1 2RT",51.52861,-0.1332828
cardtronics,"Euston Road,LONDON,UK NW1 2RT",51.52861,-0.1332828
cardtronics,"Euston Road,LONDON,UK NW1 2RT",51.52861,-0.1332828
cardtronics,"Euston Road,LONDON,UK NW1 2RT",51.52861,-0.1332828
cardtronics,"238 Kennington Lane,VAUXHALL,UK SE11 5RD",51.48714,-0.1157563
cardtronics,"111 Buckingham Palace Road,LONDON,UK SW1W 0DT",51.4948,-0.1458119
cardtronics,"111 Buckingham Palace Road,London,UK SW1W 0DT",51.4948,-0.1458119
cardtronics,"77 - 83 Park Lane,LONDON,UK W1K 7HB",51.50869,-0.15419
cardtronics,"71 Belgrave Road,LONDON,UK SW1V 2BG",51.49022,-0.1373448
cardtronics,"297 Kennington Road,London,UK SE11 4QE",51.48756,-0.1109056
cardtronics,"159 Great Dover Street,LONDON,UK SE1 4",51.49704,-0.0891192
cardtronics,"53-55 Charlton Street,LONDON,UK NW1 1",51.52987,-0.1305577
cardtronics,"197-211 New Kent Road,LONDON,UK SE1 4AG",51.4943,-0.09163941
cardtronics,"197-211 New Kent Road,LONDON,UK SE1 4AG",51.4943,-0.09163941
cardtronics,"322 Kennington Lane,London,UK SE11 5HY",51.48647,-0.1196845
cardtronics,"344 Kennington Lane,LONDON,UK SE11 5HY",51.48647,-0.1196845
cardtronics,"15-17 Caledonian Road,KINGS CROSS,UK N1 9D",51.53152,-0.1211184
cardtronics,"100 Chalton Street,LONDON,UK NW1 1HJ",51.53077,-0.131007
cardtronics,"Unit 13,LONDON,UK SW1W 9SH",51.49305,-0.1464996
cardtronics,"Unit 13,LONDON,UK SW1W 9SH",51.49305,-0.1464996
cardtronics,"198-208 Old Street,London,UK EC1V 9BP",51.52497,-0.09046045
cardtronics,"152 Central Street,LONDON,UK EC1V 8AY",51.52888,-0.09706355
cardtronics,"46 Compton Close,LONDON,UK NW1 3",51.52807,-0.1429511
cardtronics,"185 Old Street,London,UK EC1V 9NP",51.5256,-0.09049267
cardtronics,"Amba Hotel,LONDON,UK W1H 7EH",51.51398,-0.1572404
cardtronics,"100 Chalton Street,LONDON,UK NW1 1",51.53202,-0.132531
cardtronics,"271-273 City Road,London,UK EC1V 1LA",51.53036,-0.09918118
cardtronics,"39-44 PARRY STREET,LONDON,UK SW8 1RT",51.48443,-0.123872
cardtronics,"39-44 PARRY STREET,LONDON,UK SW8 1RT",51.48443,-0.123872
cardtronics,"86-87 Chapel Market,LONDON,UK N1 9EX",51.53323,-0.1099299
cardtronics,"96 Robert Street,London,UK NW1 3",51.52866,-0.1434497
cardtronics,"2 Chester Court,London,UK NW1 4",51.5279,-0.1454397
cardtronics,"257 City Road,London,UK EC1V 1JQ",51.52972,-0.09479824
cardtronics,"11 Great Cumberland Place,MARBLE ARCH,UK W1H 7LU",51.51395,-0.1595844
cardtronics,"o/s 32  East Street ( william Hill),WALWORTH,UK SE17 2DJ",51.48824,-0.09393298
cardtronics,"44 Duncan Street,LONDON,UK N1 8BW",51.53347,-0.1044926
cardtronics,"130-132 Grosvenor Road,London,UK SW1V 3JY",51.48519,-0.1362603
cardtronics,"121 City Road,LONDON,UK EC1V 1JB",51.52647,-0.08767541
cardtronics,"Exchange House,CITY OF LONDON,UK EC2A 2BQ",51.52028,-0.08068562
cardtronics,"o/s Harvey Nicholas Seville,LONDON,UK SW1X 7RJ",51.50153,-0.1597808
cardtronics,"168 Tower Bridge Road,London,UK SE1 3LS",51.49959,-0.07852896
cardtronics,"49 Upper Street,LONDON,UK N1 0PN",51.53476,-0.1051042
cardtronics,"186-188 Caledonian Road,ISLINGTON,UK N1 0SQ",51.53611,-0.1164561
cardtronics,"73 Claylands Road,London,UK SW8 1PJ",51.48178,-0.1173377
cardtronics,"1 Wharf Road,LONDON,UK N1C 4BZ",51.5361,-0.12347
cardtronics,"O/S 8-9,LONDON,UK SW1X 9NE",51.49951,-0.16008
cardtronics,"201 Bishopsgate,LONDON,UK EC2M 3AB",51.52085,-0.07934731
cardtronics,"ALLSOP PLACE,LONDON,UK NW1 5LQ",51.52237,-0.1572808
cardtronics,"219-227 Caledonian Road,London,UK N1 0SL",51.53634,-0.1169626
cardtronics,"107-109 Great Eastern Street,LONDON,UK EC2A 3JD",51.52601,-0.08446623
cardtronics,"SG House,LONDON,UK 0EC3N",51.51017,-0.0746831
cardtronics,"adj Oval Station,LONDON,UK SE11 4PP",51.48156,-0.1131055
cardtronics,"334 Kennington Park Road,LONDON,UK SE11 4PP",51.48156,-0.1131055
cardtronics,"77 Minories,LONDON,UK EC3N 1JL",51.51058,-0.07450019
cardtronics,"76 - 78 Great Eastern Street S,London,UK 0EC2A",51.52586,-0.0827176
cardtronics,"57-60 Aldgate High Street,LONDON,UK EC3N 1AL",51.51404,-0.07440785
cardtronics,"76-80 Great Eastern Street,London,UK EC2A 3JL",51.5257,-0.08249178
cardtronics,"Inner Circle,LONDON,UK NW1 4NS",51.52559,-0.1556196
cardtronics,"10 Pitfield Street,LONDON,UK N1 6HA",51.52671,-0.08348202
cardtronics,"35 Wentworth Street,LONDON,UK E1 7T",51.51682,-0.0751362
cardtronics,"NR GT EASTERN ST O/S 228-229,London,UK E1 6PJ",51.52234,-0.07828284
cardtronics,"223 Shoreditch High St,LONDON,UK E1 6PJ",51.52234,-0.07828284
cardtronics,"Unit 22 -23 The Circle,LONDON,UK SE1 2JE",51.50144,-0.07447998
cardtronics,"35 Wentworth Street,LONDON,UK E1 7TD",51.5169,-0.07462855
cardtronics,"170-178 Grange Road,LONDON,UK SE1 3",51.49574,-0.0779289
cardtronics,"170-176 Grange Road,LONDON,UK SE1 3BN",51.49569,-0.07795507
cardtronics,"95 Murray Grove,LONDON,UK N1 7QP",51.53101,-0.08873012
cardtronics,"28 Brixton Road,London,UK SW9 6BU",51.48034,-0.111724
cardtronics,"42 Clapham Road,LONDON,UK SW9 0JQ",51.48007,-0.1146156
cardtronics,"News Building,LONDON,UK SE1 9GF",51.49271,-0.08012594
cardtronics,"219 Caledonian Road,London,UK N1 0S",51.5381,-0.1165437
cardtronics,"129 Whitechapel High Street,LONDON,UK E1 7PT",51.51503,-0.0729854
cardtronics,"73 Commercial Street,LONDON,UK E1 6BD",51.51744,-0.07388573
cardtronics,"59 Commercial Street,LONDON,UK E1 6BD",51.51744,-0.07388573
cardtronics,"145 Seymour Place,LONDON,UK W1H 4PA",51.51933,-0.1633679
cardtronics,"OPP. no 63 Pitfield Street,London,UK N1 6BU",51.52896,-0.08382982
cardtronics,"1 Wilcox Road,WANDSWORTH,UK SW8 2XA",51.47973,-0.1267537
cardtronics,"38 Wilcox Road,,LONDON,UK SW8 2UX",51.47945,-0.1269737
cardtronics,"23 Camberwell Road,SOUTHWARK,UK SE5 0EZ",51.48338,-0.0938821
cardtronics,"adj 31 Kings Road, opp Cadogan gardens,LONDON,UK SW3 4RP",51.49178,-0.1587992
cardtronics,"18-22 Park Road,London,UK NW1 4SH",51.5252,-0.1599807
cardtronics,"Sloane Square,LONDON,UK SW1W 8EL",51.49211,-0.1593425
cardtronics,"52 Brixton Road,LONDON,UK SW9 6BS",51.47893,-0.1122034
cardtronics,"168-176 Edgware Road,London,UK W2 2D",51.51748,-0.1659167
cardtronics,"89 - 90 Whitechapel High Street,LONDON,UK E1 7RA",51.51569,-0.07115033
cardtronics,"127 South Lambert Road,LONDON,UK SW8 1XB",51.47861,-0.1232282
cardtronics,"135 South Lambeth Road,LONDON,UK SW8 1XB",51.47861,-0.1232282
cardtronics,"72 Shoreditch,LONDON,UK E1 6JJ",51.52407,-0.07620589
cardtronics,"93 Whitechapel High Street,LONDON,UK E1 7R",51.51555,-0.0709566
cardtronics,"148 Shoreditch High Street,LONDON,UK E1 6JE",51.52617,-0.07828324
cardtronics,"341-347 Old Street,LONDON,UK EC1V 9LL",51.52738,-0.07891379
cardtronics,"341-347 Old Street,LONDON,UK EC1V 9LL",51.52738,-0.07891379
cardtronics,"51 Beauchamp Place,LONDON,UK SW3 1NY",51.49764,-0.1653685
cardtronics,"22 BRICK LANE,LONDON,UK E1 6RF",51.51796,-0.07096101
cardtronics,"108 Brick Lane,LONDON,UK E1 6RL",51.51947,-0.07164481
cardtronics,"100 Brick Lane,LONDON,UK E1 6RL",51.51947,-0.07164481
cardtronics,"188 KIRTLING SREET,LONDON,UK SW8 5BN",51.48076,-0.1405532
cardtronics,"188 KIRTLING STREET,LONDON,UK SW8 5BN",51.48076,-0.1405532
cardtronics,"Embassy Gardens,LONDON,UK SW8 5BN",51.48076,-0.1405532
cardtronics,"125 Leman Street,LONDON,UK E1 8EY",51.51166,-0.06875044
cardtronics,"271 Old Kent Road,LONDON,UK SE1 5LU",51.48968,-0.07899116
cardtronics,"3 Osborn Street,LONDON,UK E1 6TD",51.51677,-0.06988145
cardtronics,"173-175 South Lambeth Road,London,UK SW8 1XW",51.4775,-0.123082
cardtronics,"14 Cable Street,LONDON,UK E1 8JG",51.51066,-0.06809216
cardtronics,"303-311 Caledonian Road,London,UK N1 1DT",51.54099,-0.1173476
cardtronics,"136 New North Road,London,UK N1 6SU",51.53529,-0.0894826
cardtronics,"Adj 297 Neckinger Estate,London,UK SE16 3QT",51.4956,-0.07210985
cardtronics,"Thomas More Street,LONDON,UK E1W 1YY",51.50807,-0.06736311
cardtronics,"124-126 Brick Lane,LONDON,UK E1 6RU",51.52167,-0.07148878
cardtronics,"160 Brick Lane,LONDON,UK E1 6RU",51.52167,-0.07148878
cardtronics,"177 - 183 Camberwell New Road,London,UK SE5 0",51.47833,-0.1031814
cardtronics,"70-74 Caldwell Street,London,UK SW9 0HB",51.4767,-0.1130237
cardtronics,"177-183 Camberwell New Road,London,UK SE5 0TJ",51.47799,-0.1023712
cardtronics,"276 Upper Street,Islington,UK N1 2TZ",51.53999,-0.1022406
cardtronics,"Gainsborough Studios,Islington,UK N1 6S",51.53623,-0.0897187
cardtronics,"142 Essex Road,LONDON,UK N1 8LX",51.53912,-0.09805934
cardtronics,"132-134 Essex Road,London,UK N1 8LX",51.53912,-0.09805934
cardtronics,"178-180 Brick Lane,LONDON,UK E1 6SA",51.52403,-0.07137994
cardtronics,"FALKIRK STREET,SHOREDITCH,UK N1 6SB",51.53128,-0.07934289
cardtronics,"98-100 Wyndham Road,LONDON,UK SE5 0UB",51.47798,-0.09956948
cardtronics,"73-74 Parkway,London,UK NW1 7AH",51.53817,-0.1446685
cardtronics,"2 Camden Road,LONDON,UK NW1 9DL",51.53925,-0.1419689
cardtronics,"2 Cromwell Road,LONDON,UK SW9 6SE",51.47639,-0.1059385
cardtronics,"130 Bethnal Road,LONDON,UK E2 6DG",51.52489,-0.07116561
cardtronics,"175 Upper Street,LONDON,UK N1 1RG",51.54131,-0.1031399
cardtronics,"161 Bethnal Green Road,BETHNAL GREEN,UK E2 7DG",51.52527,-0.07117018
cardtronics,"139-149 Whitechapel Road,London,UK E1 1DT",51.5177,-0.06609193
cardtronics,"184 Camden High Street,LONDON,UK NW1 8QP",51.53964,-0.1429564
cardtronics,"150 Spa Road,London,UK SE16 4AU",51.49621,-0.06788044
cardtronics,"St Katherines Service Station,77-101 The Highway,UK E1W 2",51.50949,-0.0637201
cardtronics,"Sloane Avenue,LONDON,UK SW3 3EL",51.49231,-0.1674194
cardtronics,"77-101 The Highway,London,UK E1W 2BN",51.50941,-0.06350414
cardtronics,"3 Church Street,LONDON,UK NW8 8EE",51.52443,-0.1684999
cardtronics,"9 Lansdowne Way,LONDON,UK SW8 1HL",51.47448,-0.1212507
cardtronics,"160 Agar Grove,LONDON,UK NW1 9TY",51.54313,-0.1276096
cardtronics,"160 Agar Road,LONDON,UK NW1 9",51.54337,-0.1264532
cardtronics,"20 Cale Street,CHELSEA GREEN,UK SW3 3QU",51.49064,-0.1668727
cardtronics,"3-7 Burselm St,,LONDON,UK E1 2LL",51.51326,-0.06288029
cardtronics,"242 Wandsworth Road,LONDON,UK SW8 2JS",51.47463,-0.1325049
cardtronics,"20-24 Whitmore Road,LONDON,UK N1 5QA",51.53605,-0.08175597
cardtronics,"262-274 Camberwell Road,LONDON,UK SE5 0DP",51.47673,-0.09430591
cardtronics,"213-215 Upper Street,LONDON,UK N1 1RL",51.54353,-0.103736
cardtronics,"213-215 Upper Street,LONDON,UK N1 1RL",51.54353,-0.103736
cardtronics,"115 Cannon Street Road,LONDON,UK E1 2LX",51.51327,-0.061724
cardtronics,"Praed Street,LONDON,UK W2 1RH",51.51534,-0.1757131
cardtronics,"Praed Street,LONDON,UK W2 1RH",51.51534,-0.1757131
cardtronics,"102-106 The Highway,LONDON,UK E1W 2BU",51.50908,-0.06122785
cardtronics,"262 Wandsworth Road,LONDON,UK SW8 2JR",51.47405,-0.133133
cardtronics,"194-196 Kingsland Road,LONDON,UK E2 8EB",51.53405,-0.07664952
cardtronics,"326 Queenstown Road,London,UK SW8 4LT",51.47707,-0.1481352
cardtronics,"139A Park Road,LONDON,UK NW8 7HT",51.52967,-0.1679719
cardtronics,"383-393 Edgware Road,London,UK W2 1BT",51.52282,-0.1747002
cardtronics,"133-135 Southampton Way,LONDON,UK SE5 7EW",51.47831,-0.08464406
cardtronics,"156 SOUTHAMPTON WAY,LONDON,UK SE5 7EW",51.47831,-0.08464406
cardtronics,"Praed Street,LONDON,UK W2 1HQ",51.51745,-0.1774176
cardtronics,"Praed Street,LONDON,UK W2 1HQ",51.51745,-0.1774176
cardtronics,"227-229 Whitechapel Road,LONDON,UK E1 1DB",51.51912,-0.06094102
cardtronics,"255 Whitechapel Road,LONDON,UK E1 1DB",51.51912,-0.06094102
cardtronics,"Unit 16 The Stables,London,UK NW1 8",51.54219,-0.1472135
cardtronics,"Fulham Wing,LONDON,UK SW3 6LY",51.48969,-0.1708319
cardtronics,"Sydney Street,LONDON,UK SW3 6NP",51.48969,-0.1708319
cardtronics,"40-42 Craven Road,LONDON,UK W2 3QA",51.51368,-0.1793279
cardtronics,"302 Bethnal Green Road,London,UK E2 0A",51.52631,-0.0647098
cardtronics,"817 Unit Shop,LONDON,UK NW1 8",51.54221,-0.14835
cardtronics,"1 LOCKWOOD SQUARE,LONDON,UK 0SE16",51.49621,-0.0614363
cardtronics,"102 Weymouth Terrace,LONDON,UK E2 8LR",51.53319,-0.07178862
cardtronics,"245 Brixton Road,Stockwell,UK SW9 6AQ",51.47105,-0.112977
cardtronics,"Outside Iceland 314,LONDON,UK SW9 9AE",51.47104,-0.1245725
cardtronics,"o/s 9-40 Richardson Court,LONDON,UK SW9 9AE",51.47104,-0.1245725
cardtronics,"258 Clapham Road,LONDON,UK SW9 9AE",51.47104,-0.1245725
cardtronics,"60 WAPPING LANE,LONDON,UK E1W 2",51.50524,-0.0579443
cardtronics,"141-145 Kentish Town Road,LONDON,UK NW1 8PB",51.54443,-0.141701
cardtronics,"125 Kentish Town Road,LONDON,UK NW1 8PB",51.54443,-0.141701
cardtronics,"246-252 Hackney Road,London,UK E2 7SJ",51.53091,-0.06871051
cardtronics,"Unit 2, 193-221 Southwark Park Road,LONDON,UK SE16 3TS",51.49251,-0.06313469
cardtronics,"North Road,London,UK N7 9FD",51.54738,-0.1244775
cardtronics,"316 St Pauls Road,LONDON,UK N1 2LF",51.54622,-0.1023935
cardtronics,"191 Queen's Gate,LONDON,UK SW7 5EU",51.50056,-0.1797072
cardtronics,"290 Brixton Road,London,UK SW9 6AG",51.47031,-0.1128361
cardtronics,"69 Watney Street,SHADWELL,UK E1 2QE",51.51153,-0.05643035
cardtronics,"189 Battersea Park Road,BATTERSEA,UK SW11 4JP",51.47552,-0.1510182
cardtronics,"15-17 WATNEY MARKET,LONDON,UK E1 2PP",51.51345,-0.05666703
cardtronics,"28-32 Denmark Hill,London,UK SE5 8RZ",51.47311,-0.0935256
cardtronics,"WATNEY ST,LONDON,UK E1 2QD",51.51168,-0.05585693
cardtronics,"51-53 Camberwell Church Street,LONDON,UK SE5 8TR",51.47399,-0.0895706
cardtronics,"48 Harrington Road,LONDON,UK SW7 3ND",51.49403,-0.1778428
cardtronics,"237 Kings Road,London,UK SW3 5EJ",51.48631,-0.1711576
cardtronics,"73 Stockwell Road,LONDON,UK SW9 9PY",51.46926,-0.1194431
cardtronics,"67 Stockwell Road,LONDON,UK SW9 9PY",51.46926,-0.1194431
cardtronics,"57-59 Raven Row,LONDON,UK E1 2EG",51.51918,-0.05686076
cardtronics,"104-105 Bayswater Road,London,UK W2 3HJ",51.51073,-0.1832097
cardtronics,"21-41 Wellington Road,ST JOHN'S WOOD,UK NW8 9SQ",51.53188,-0.1719113
cardtronics,"269 Commercial Road,LONDON,UK E1 2PS",51.51445,-0.05499825
cardtronics,"297-309 Southwark Park,London,UK SE16 2JN",51.49298,-0.05820689
cardtronics,"175 Queenstown Road,BATTERSEA,UK SW8 3RW",51.47194,-0.1491201
cardtronics,"78 Galleywall  Road,LONDON,UK SE16 3PB",51.48991,-0.05958968
cardtronics,"22 Englefield Road,LONDON,UK N1 4JU",51.54272,-0.07969342
cardtronics,"jct of� White Horse Lane, Mile End Road,London,UK E1 4TP",51.52049,-0.05452096
cardtronics,"104-116 Holloway Road,London,UK N7 8JE",51.55032,-0.1089598
cardtronics,"595 Wandsworth Road,London,UK SW8 3JD",51.46939,-0.1407753
cardtronics,"149 Goldsmiths Row,LONDON,UK E2 8QR",51.53383,-0.06450219
cardtronics,"396 Kingsland Road,LONDON,UK E8 4AA",51.54147,-0.07594109
cardtronics,"28 Queensway,LONDON,UK W2 3RX",51.5109,-0.1869278
cardtronics,"17 - 19 Peckham Park Road,London,UK SE15 6TR",51.48267,-0.06528506
cardtronics,"78 Cambridge Heath Road,LONDON,UK E1 5QJ",51.52336,-0.05460997
cardtronics,"77 Albion Street,LONDON,UK SE16 7JA",51.50049,-0.05152315
cardtronics,"158 - 160 Loughborough Road,LONDON,UK SW9 7LL",51.46687,-0.1052862
cardtronics,"130 Balls Pond Road,London,UK N1 4AD",51.54665,-0.08448914
cardtronics,"Porchester Road,LONDON,UK W2 6ES",51.51679,-0.1874161
cardtronics,"474-488 Wandsworth Road,London,UK SW8 3LT",51.46846,-0.1441403
cardtronics,"156 Old Brompton  Road,London,UK SW5 0BE",51.49092,-0.1826581
cardtronics,"404 Brixton Road,LONDON,UK SW9 7AW",51.46545,-0.1142555
cardtronics,"192 Battersea Park Road,LONDON,UK SW11 4ND",51.47371,-0.1604599
cardtronics,"27-35 Battersea Bridge Road,London,UK SW11 3BA",51.4793,-0.1706391
cardtronics,"27-37 Battersea Bridge Road,Battersea,UK 0SW11",51.47889,-0.1700307
cardtronics,"319 Cambridge Heath Road,LONDON,UK E2 9LH",51.52858,-0.05592048
cardtronics,"485-487 Commercial Road,LONDON,UK E1 0HA",51.51367,-0.04881943
cardtronics,"QN7 Junc Queensland Rd Benwell Rd,London,UK N7 7BQ",51.55243,-0.1086954
cardtronics,"Golden Jubilee Building,LONDON,UK SE5 9RS",51.4683,-0.09228685
cardtronics,"Kings College Hospital,LONDON,UK SE5 9RS",51.4683,-0.09228685
cardtronics,"201 Coldharbour Lane,London,UK SW9 8RZ",51.46622,-0.1011261
cardtronics,"369 Cambridge Heath Road,LONDON,UK E2 9RA",51.53001,-0.05640642
cardtronics,"O/S Cinema Opp No 124 Mile End Road,London,UK E1 4UJ",51.5211,-0.05054962
cardtronics,"Junction Mile End Road and Cephas Avenue,London,UK E1 4UJ",51.5211,-0.05054962
cardtronics,"o/s Clapham underground station,CLAPHAM,UK SW4 7",51.46513,-0.1294803
cardtronics,"234 Stockwell Road,BRIXTON,UK SW9 9SP",51.46466,-0.1150855
cardtronics,"76 Vestry Road,LONDON,UK SE5 8PQ",51.47076,-0.08244126
cardtronics,"o/s Clapham underground station,CLAPHAM,UK SW4 7TS",51.46486,-0.1298848
cardtronics,"Jct Queensland Road & Benwell Road,Islington,UK N7 7B",51.55339,-0.109982
cardtronics,"185, Rotherhithe New Road,LONDON,UK SE16 2BE",51.49066,-0.05329978
cardtronics,"173-181 Rotherhithe New Road,ROTHERHITHE,UK SE16 2BE",51.49066,-0.05329978
cardtronics,"Primrose Hill,London,UK NW3 3RA",51.54259,-0.1666176
cardtronics,"35-43 Hornsey Road,LONDON,UK N7 7DD",51.5537,-0.1111315
cardtronics,"87 Haverstock Hill,London,UK NW3 4RL",51.54662,-0.1585714
cardtronics,"43-45 Broadway Market,London,UK E8 4PH",51.5367,-0.06188801
cardtronics,"12 Broadway Market,HACKNEY,UK E8 4QJ",51.53653,-0.061595
cardtronics,"46-48 Broadway Market,LONDON,UK E8 4QJ",51.53653,-0.061595
cardtronics,"17-23 Lower Merton Rise,London,UK NW3 3",51.54288,-0.166668
cardtronics,"42 Hinton Road,LONDON,UK SE24 0HJ",51.46505,-0.1024995
cardtronics,"393-395 Kings Road,London,UK SW10 0LR",51.4826,-0.1779581
cardtronics,"Denmark Hill,Camberwell,UK SE5 8",51.46714,-0.0907817
cardtronics,"9 Fortess Road,London,UK NW5 1AS",51.55231,-0.1414224
cardtronics,"12 High Gate,London,UK NW5 1",51.55239,-0.1413836
cardtronics,"Dalston Square,London,UK E8 3FT",51.54573,-0.07497264
cardtronics,"115 Grove Lane,CAMBERWELL,UK SE5 8BG",51.46785,-0.0860493
cardtronics,"189 Queens Crescent,LONDON,UK NW5 4DS",51.55069,-0.150203
cardtronics,"194 Mile End Road,LONDON,UK E1 4LJ",51.52135,-0.04768547
cardtronics,"41 Queenstown Road,LONDON,UK SW8 3RE",51.46747,-0.1509008
cardtronics,"128 King Henrys Road,LONDON,UK NW3 3",51.54215,-0.1703073
cardtronics,"Kingsland High Street,london,UK E8 2JT",51.54652,-0.07599254
cardtronics,"Unit 4 Dalston Junction Interchange,London,UK E8 3F",51.54613,-0.0751197
cardtronics,"223 Harrow Road,London,UK W2 5EH",51.52001,-0.19099
cardtronics,"250a Globe Road,London,UK E2 0LN",51.52631,-0.050009
cardtronics,"o/s Coral No'82,Clapham,UK SW4 7UL",51.46354,-0.1336351
cardtronics,"421 Brixton Road,LONDON,UK SW9 8HE",51.46268,-0.1145314
cardtronics,"330a Coldharbour Lane,LONDON,UK SW9 8QH",51.46297,-0.1085081
cardtronics,"Coldharbour Lane,LONDON,UK SW9 8PS",51.46257,-0.1117814
cardtronics,"42-44 Dalston Lane,LONDON,UK E8 3AZ",51.54604,-0.07315893
cardtronics,"25 Dalston Lane,LONDON,UK E8 3DF",51.54633,-0.07363226
cardtronics,"471-487 Kings Road,London,UK SW10 0LU",51.48154,-0.1807534
cardtronics,"61-63 Westgate Street,LONDON,UK E8 3RL",51.53761,-0.0583006
cardtronics,"Outside 82a Roman Road,London,UK E2 0PG",51.52833,-0.04937243
cardtronics,"Cold Harbour Lane,LONDON,UK SW9 8LB",51.4617,-0.113251
cardtronics,"401 COLDHARBOUR LANE,Brixton,UK SW9 8LQ",51.46162,-0.1122744
cardtronics,"193 Mile End Road,London,UK E1 4AA",51.5222,-0.04549102
cardtronics,"23 LAVENDER HILL,london,UK SW11 5QW",51.46596,-0.1517752
cardtronics,"747-759 Old Kent Road,LONDON,UK SE15 1NZ",51.48013,-0.05776514
cardtronics,"Dunstall House,London,UK SE15 5SL",51.4741,-0.0664578
cardtronics,"2-4 Winchester Road,LONDON,UK NW3 3NT",51.54356,-0.172255
cardtronics,"599 - 603 Commercial Road,TOWER HAMLETS,UK E1 0HJ",51.5131,-0.04217809
cardtronics,"79 Atlantic Road,BRIXTON,UK SW9 8PU",51.46122,-0.1111302
cardtronics,"340 HOLLOWAY ROAD,LONDON,UK N7 6PZ",51.55708,-0.1175567
cardtronics,"Abercrombie St at Junction with Battersea Park Rd,London,UK SW11 2JD",51.47088,-0.1669457
cardtronics,"350 Harrow Road,LONDON,UK W9 2HP",51.52263,-0.1937623
cardtronics,"18 Pembridge Road,LONDON,UK W11 3HL",51.50954,-0.1969676
cardtronics,"173 Fortess Road,LONDON,UK NW5 2HR",51.55606,-0.1392193
cardtronics,"4 The Pavement,CLAPHAM,UK SW4 0HY",51.46188,-0.1392249
cardtronics,"83 Green Lane,LONDON,UK N16 9BX",51.55424,-0.08906544
cardtronics,"33 Clapham Park Road,LONDON,UK SW4 7EE",51.46115,-0.1361375
cardtronics,"121 A Lavender Hill,London,UK SW11 5QL",51.46544,-0.1551281
cardtronics,"117 Hornsey Road,ISLINGTON,UK N7 6DP",51.55791,-0.1132218
cardtronics,"159b Mare Street,LONDON,UK E8 3RH",51.53935,-0.0566553
cardtronics,"Ground Floor 169 Mare Street,London,UK E8 3RH",51.53935,-0.0566553
cardtronics,"246-248 Tufnell Park Road,LONDON,UK N19 5EW",51.55713,-0.1364612
cardtronics,"154 Acre Lane,LONDON,UK SW2 5UT",51.45977,-0.1253121
cardtronics,"1-5 Campdale Road,LONDON,UK N7 0EA",51.55779,-0.1319207
cardtronics,"Rye Lane,PECKHAM,UK SE15 5DQ",51.47021,-0.06894661
cardtronics,"Rye Lane,PECKHAM,UK SE15 5DQ",51.47021,-0.06894661
cardtronics,"89 Ridley Road,DALSTON,UK E8 2NH",51.54819,-0.06965107
cardtronics,"62-64 Greenwood Road,LONDON,UK E8 1AB",51.54451,-0.06284412
cardtronics,"BRIXTON,UK SW2 1RH",51.45897,-0.1174513
cardtronics,"97 Elgin Avenue,LONDON,UK W9 2DA",51.5263,-0.1944762
cardtronics,"OS 127 Lavender Hill,LONDON,UK SW11 5QJ",51.46495,-0.1576413
cardtronics,"1-15 Templeton Place,LONDON,UK SW5 9NB",51.49204,-0.1952567
cardtronics,"911-915 Old Kent Road,LONDON,UK SE15 1NL",51.4787,-0.05390018
cardtronics,"28 Stoke Newington Road,LONDON,UK N16 7",51.55141,-0.0746986
cardtronics,"840 Old Kent Road,London,UK SE15 1NQ",51.47831,-0.05430092
cardtronics,"Pco Stoke Newington Road,London,UK N16 7XJ",51.55152,-0.07477382
cardtronics,"46 Stoke Newington Road,LONDON,UK N16 7XJ",51.55152,-0.07477382
cardtronics,"98 Seven Sisters Road,LONDON,UK N7 6A",51.55963,-0.1158277
cardtronics,"2 Shacklewell Lane,LONDON,UK E8 2EZ",51.5508,-0.07269407
cardtronics,"575C Battersea Park Road,LONDON,UK SW11 3BH",51.46992,-0.1710335
cardtronics,"554 Holloway Road,LONDON,UK N7 6JP",51.55979,-0.121928
cardtronics,"40B Well Street,HACKNEY,UK E9 7P",51.54004,-0.0540632
cardtronics,"69 Wilton Way,LONDON,UK E8 1BG",51.54565,-0.06165669
cardtronics,"Jct Portobello Road & Lonsdale Road,LONDON,UK W11 2BY",51.51502,-0.2006913
cardtronics,"2-4 New Cross Road,LONDON,UK SE14 5BE",51.47788,-0.05315895
cardtronics,"156- 158 Green Lane,LONDON,UK N16 9DL",51.5574,-0.0901509
cardtronics,"68 Stoke Newington Road,LONDON,UK N16 7XB",51.5527,-0.07461128
cardtronics,"104A Finchley Road,SWISS COTTAGE,UK NW3 5EY",51.54567,-0.1775184
cardtronics,"255 Mare Street,LONDON,UK E8 3NS",51.54268,-0.05558666
cardtronics,"205 Shirland Road,LONDON,UK W9 2EX",51.52774,-0.1968162
cardtronics,"60 Belsize Lane,London,UK NW3 5AR",51.5494,-0.1716173
cardtronics,"473 Fulham Road,LONDON,UK SW6 1HL",51.48028,-0.1887163
cardtronics,"92 Gillespie Road,London,UK N5 1LN",51.56005,-0.1007885
cardtronics,"58 Great Western Road,LONDON,UK W11 1AB",51.52094,-0.2008627
cardtronics,"2 Albion Parade,LONDON,UK N16 9LD",51.55698,-0.08376819
cardtronics,"58 Great Western Road,LONDON,UK W11 1",51.52192,-0.2014569
cardtronics,"BLOCK C THE BOULEVARoad,LONDON,UK SW6 2",51.47327,-0.1820528
cardtronics,"O/s No's 137-139 Stoke Newington Road,LONDON,UK N16 8BX",51.55464,-0.07497844
cardtronics,"105 Northside,LONDON,UK SW4 9SH",51.46158,-0.1577503
cardtronics,"152 Blackstock Road,LONDON,UK N4 2DY",51.56079,-0.09888914
cardtronics,"114 SALMON LANE,LONDON,UK E14 7PQ",51.51355,-0.03360676
cardtronics,"O/S 134 - 136 Salmon Lane,LONDON,UK E14 7PQ",51.51355,-0.03360676
cardtronics,"160-162 Sandrlingham Road,LONDON,UK E8 2HS",51.55021,-0.06434204
cardtronics,"PCO� GORE ROAD,LONDON,UK E9 7HW",51.53608,-0.04474806
cardtronics,"115 Stoke Newington Road,HACKNEY,UK N16 8BU",51.55512,-0.07506337
cardtronics,"Pco Blackstock Road,London,UK N4 2JS",51.56126,-0.09881608
cardtronics,"383-387 Mile End Road,London,UK E3 4QS",51.52472,-0.03621945
cardtronics,"367 Mile End Road,LONDON,UK E3 4QS",51.52472,-0.03621945
cardtronics,"17-20 Prague Place,BRIXTON,UK SW2 5ED",51.45524,-0.1267803
cardtronics,"504-506 Harrow Road,London,UK W9 3QA",51.52472,-0.2022919
cardtronics,"Stoke Newington Road,London,UK N16 7XA",51.55561,-0.07420674
cardtronics,"52 Corker Walk,LONDON,UK N7 7RY",51.56325,-0.1130997
cardtronics,"5-7 Tulse Hill,LONDON,UK SW2 2TH",51.45472,-0.1132452
cardtronics,"53 Grove Road,LONDON,UK E3 4PE",51.52658,-0.03616993
cardtronics,"504 - 506 Harrow Road,Paddington,UK W9 3Q",51.52489,-0.2027335
cardtronics,"Corner of Pembury Road and Dalston Lane,Hackney,UK E5 8H",51.5495,-0.0596855
cardtronics,"12b Grove Road,LONDON,UK E3 5AX",51.52642,-0.03547219
cardtronics,"112 Brixton Hill,BRIXTON,UK SW2 1AH",51.45414,-0.1204271
cardtronics,"Fulham Broadway,LONDON,UK SW6 1BW",51.48049,-0.1944073
cardtronics,"Fulham Broadway,LONDON,UK SW6 1BW",51.48049,-0.1944073
cardtronics,"221 Seven Sister Road,FINSBURY PARK,UK N4 2DA",51.56349,-0.1073259
cardtronics,"Nr Portobello Launderettes,LONDON,UK W11 1LL",51.51786,-0.206414
cardtronics,"Opp Fullham Broadway underground station,London,UK SW6 1BY",51.48055,-0.1949383
cardtronics,"JCT MILE END RD  ERIC ST,LONDON,UK E3 4SP",51.52475,-0.03385993
cardtronics,"423 HARROW Road,LONDON,UK W10 4",51.52523,-0.2037604
cardtronics,"Barkway Court,FINSBURY PARK,UK N4 2XS",51.56273,-0.09478652
cardtronics,"56-58 Abbeville Road,Clapham,UK SW4 9NF",51.45457,-0.1393373
cardtronics,"5-6 Napier Road,LONDON,UK W14 8LQ",51.49807,-0.2070353
cardtronics,"415 - 417 Roman Road,LONDON,UK E3 5QS",51.5317,-0.03677588
cardtronics,"Railton Road,London,UK SE24 0JW",51.45394,-0.1025414
cardtronics,"286 Portobello Road,LONDON,UK W10 5TE",51.51926,-0.2073687
cardtronics,"292 Portobello Road,LONDON,UK W10 5TE",51.51926,-0.2073687
cardtronics,"799-801 Commercial Road,LONDON,UK E14 7HG",51.51228,-0.02903571
cardtronics,"41 St. Johns Hill,LONDON,UK SW11 1TT",51.46281,-0.1700016
cardtronics,"O/S 54 East Dulwich Road,LONDON,UK SE22 9AX",51.46207,-0.06956991
cardtronics,"417 Roman Road,LONDON,UK E3 5Q",51.53171,-0.0364876
cardtronics,"17 Golborne Road,LONDON,UK W10 5NY",51.52353,-0.2061088
cardtronics,"Station Place,LONDON,UK N4 2DH",51.56458,-0.1058674
cardtronics,"774-776 Holloway Road,LONDON,UK N19 3JQ",51.56482,-0.132229
cardtronics,"2 Kirkwood Road,LONDON,UK SE15 3XX",51.46695,-0.05825435
cardtronics,"326 Burdett Road,LONDON,UK E14 7DL",51.51238,-0.0281617
cardtronics,"56-62 Lordship Lane,London,UK SE22 8HJ",51.45924,-0.07529581
cardtronics,"86A Lillie Road,LONDON,UK SW6 1TL",51.48574,-0.2020712
cardtronics,"86A Lillie Road,LONDON,UK SW6 1TL",51.48574,-0.2020712
cardtronics,"Corner of Pembury Rd - Dalston Lane,London,UK E5 8HH",51.55021,-0.05621251
cardtronics,"15-17 Northcote Road,London,UK SW11 1NG",51.46023,-0.1664669
cardtronics,"Unit 2 - 3 Clifton House,LONDON,UK N4 3JP",51.56572,-0.1085879
cardtronics,"Units 2-3 Clifton House,LONDON,UK N4 3JP",51.56572,-0.1085879
cardtronics,"North End Road,London,UK SW6 1NJ",51.484,-0.201817
cardtronics,"O/S 447 Roman Road,LONDON,UK E3 5LX",51.53209,-0.03453782
cardtronics,"180 Stoke Newington Church Street,LONDON,UK N16 0JL",51.56162,-0.08219771
cardtronics,"180 Stoke Newington Church Street,LONDON,UK N16 0",51.56169,-0.082202
cardtronics,"117-121 Wansdworth Bridge,London,UK SW6 2TE",51.47338,-0.1915966
cardtronics,"142-162 Kilburn High Road,London,UK NW6 4JD",51.54075,-0.1962307
cardtronics,"159 Church Street,London,UK N16 0UH",51.56165,-0.08105295
cardtronics,"314 Seven Sisters Road,LONDON,UK N4 2AP",51.56576,-0.1021032
cardtronics,"Unit 2,LONDON,UK E14 7EQ",51.514,-0.02650896
cardtronics,"88/90 North End Road,Fulham,UK W14 9",51.48999,-0.2065753
cardtronics,"402 North End Road,London,UK SW6 1LX",51.48026,-0.1994905
cardtronics,"88-90 North End Road,London,UK W14 9EX",51.4897,-0.2065512
cardtronics,"96 North End Road,West Kensington,UK W14 9EX",51.4897,-0.2065512
cardtronics,"opp West Kensington underground station,KENSINGTON,UK W14 9ES",51.49054,-0.2070344
cardtronics,"2 Addison Avenue,London,UK W11 4QR",51.50633,-0.2119178
cardtronics,"Kenton Road,LONDON,UK E9 7AB",51.54389,-0.04412464
cardtronics,"107-109 Church Street,LONDON,UK N16 0UD",51.5619,-0.07953263
cardtronics,"45 West India Dock Road,London,UK E14 8HN",51.50982,-0.02523641
cardtronics,"38 Chatfield Road,London,UK 0SW11",51.46571,-0.1818301
cardtronics,"116 West End Lane,LONDON,UK NW6 2LS",51.54667,-0.1909496
cardtronics,"102 West End Lane,London,UK NW6 2LS",51.54667,-0.1909496
cardtronics,"8-40 Chatfield Road,London,UK SW11 3SE",51.4653,-0.1815844
cardtronics,"99 Northcote Road,LONDON,UK SW11 6PL",51.45786,-0.1656763
cardtronics,"373 Portobello Road,LONDON,UK W10 5SG",51.52205,-0.2114899
cardtronics,"34 Salusbury Road,QUEENS PARK,UK NW6 6NL",51.53426,-0.2047853
cardtronics,"West End Lane,LONDON,UK NW6 2",51.54726,-0.1913369
cardtronics,"Iverson Road,WEST HAMPSTEAD,UK NW6 2LJ",51.54744,-0.1912052
cardtronics,"258 Evelyn Street,London,UK SE8 5BZ",51.48379,-0.03226541
cardtronics,"83 Lower Clapton Road,LONDON,UK E5 0NP",51.55194,-0.05251293
cardtronics,"115 Lower Clapton Road,LONDON,UK E5 0NP",51.55194,-0.05251293
cardtronics,"GIBBON COURT,london,UK SE15 3XE",51.46651,-0.05180008
cardtronics,"508 Hornsey Road,LONDON,UK N19 3QW",51.56875,-0.1233718
cardtronics,"112 Homerton High Street,London,UK E9 6JA",51.54776,-0.04555159
cardtronics,"511-513 Hornsey Road,LONDON,UK N19 3QL",51.56894,-0.1240109
cardtronics,"317-319 Evelyn Street,LONDON,UK SE8 5RA",51.48385,-0.03116358
cardtronics,"262 York Road,London,UK SW18 1TP",51.46389,-0.1833029
cardtronics,"42 Barry Road,LONDON,UK SE22 0HU",51.45795,-0.06716473
cardtronics,"537  ROMAN RD,LONDON,UK E3 5EL",51.53313,-0.02977068
cardtronics,"O/S 114 LOWER CLAPTON ROAD,London,UK E5 0QR",51.55366,-0.05329837
cardtronics,"Lower Clapton Road,London,UK E5 8EQ",51.555,-0.05501976
cardtronics,"75 Balham Hill,London,UK SW12 9DP",51.45055,-0.1473969
cardtronics,"176 Westferry Road,LONDON,UK E14 3RY",51.49185,-0.02461746
cardtronics,"Seven Sisters Road,London,UK N4 2D",51.56886,-0.0984161
cardtronics,"BERGER RD,london,UK E9 5SB",51.54766,-0.04244772
cardtronics,"Cassilis Road,London,UK E14 9LQ",51.49862,-0.02179118
cardtronics,"315 Kilburn High Road,London,UK NW6 7JR",51.54356,-0.2004832
cardtronics,"60 Parsons Green Lane,London,UK SW6 4HU",51.47482,-0.2009507
cardtronics,"Homerton Row,LONDON,UK E9 6SR",51.55058,-0.04607674
cardtronics,"O/S Bow Road LRT Station,LONDON,UK E3 4DH",51.52699,-0.02434483
cardtronics,"Unit 1 Cassilis Road,LONDON,UK E14 9",51.49813,-0.0213254
cardtronics,"Os Lower Clapton Road,London,UK E5 8EG",51.55677,-0.0560341
cardtronics,"193-195 Lower Clapton Road,LONDON,UK E5 8EG",51.55677,-0.0560341
cardtronics,"606/608 ROMAN Road,LONDON,UK E3 2R",51.53361,-0.027726
cardtronics,"Talgarth Road,HAMMERSMITH,UK W14 9DA",51.49049,-0.2139414
cardtronics,"127-131 Bow Road,London,UK E3 2AN",51.52765,-0.02391122
cardtronics,"Canary Wharf Group,LONDON,UK E14 5",51.50495,-0.0195006
cardtronics,"o/s Goldsmith College University,LONDON,UK SE14 6PP",51.47522,-0.03522037
cardtronics,"o/s 55/7 Poplar High Street,TOWER HAMLETS,UK E14 0DJ",51.50926,-0.01904311
cardtronics,"NEW CROSS RD,london,UK SE14 6AY",51.47622,-0.03401469
cardtronics,"214 Devons Road,London,UK E3 3PN",51.52028,-0.02020103
cardtronics,"Exmoor Street,London,UK W10 6DZ",51.52238,-0.2173957
cardtronics,"1 MARGRAVINE GARDENS,BARONS COURT,UK W6 8RL",51.49002,-0.2149955
cardtronics,"Margravine GaRoadens,LONDON,UK W6 8R",51.49007,-0.2150207
cardtronics,"32 Ellesmere Street,LONDON,UK E14 6BA",51.51519,-0.0185823
cardtronics,"447 Sulivan Court,LONDON,UK SW6 3BX",51.47026,-0.1983431
cardtronics,"Kilburn High Road,LONDON,UK NW6 7QB",51.54507,-0.2021107
cardtronics,"81 Hazellville Road,London,UK N19 3NB",51.57184,-0.1297602
cardtronics,"127-129 Bow Road,London,UK E3 2A",51.52812,-0.0219006
cardtronics,"Amersham Vale,LONDON,UK SE14 6LD",51.47635,-0.03170966
cardtronics,"255 Wick Road,HACKNEY,UK E9 5DG",51.54523,-0.03514184
cardtronics,"Jct Windus Road/stamford Hill,London,UK N16 6XT",51.5658,-0.07272645
cardtronics,"12 Chatsworth Road,LONDON,UK E5 0LP",51.55252,-0.04405606
cardtronics,"15 Kilburn Lane,LONDON,UK W10 4AE",51.52906,-0.2162788
cardtronics,"41-43 Chatsworth Road,LONDON,UK E5 0LH",51.55324,-0.0449642
cardtronics,"193 Homerton High Street,LONDON,UK E9 6BB",51.54907,-0.03904345
cardtronics,"15A College Parade,LONDON,UK NW6 6RN",51.54007,-0.2087519
cardtronics,"27 Upper Clapton Road,LONDON,UK E5 8A",51.56003,-0.0569561
cardtronics,"320 Green Lane,LONDON,UK N4 1BX",51.57141,-0.09607013
cardtronics,"Canada Place,CANARY WHARF,UK E14 5EW",51.50457,-0.01627189
cardtronics,"125 Northwold Road,LONDON,UK E5 8RL",51.56262,-0.06244118
cardtronics,"170 Deptford High Street,LONDON,UK SE8 3PR",51.48064,-0.02610078
cardtronics,"186 Deptford High Street,London,UK SE8 3PR",51.48064,-0.02610078
cardtronics,"11 Swandon Way,LONDON,UK SW18 1EW",51.46132,-0.188571
cardtronics,"27 Upper Clapton Road,LONDON,UK E5 8AY",51.56087,-0.05740324
cardtronics,"Shepherds Bush Green,LONDON,UK W12 8PS",51.50325,-0.222393
cardtronics,"409 Kilburn High Road,London,UK NW6 7QG",51.54623,-0.2040061
cardtronics,"227-233 Munster Road,London,UK SW6 6BT",51.48038,-0.2125375
cardtronics,"9-11 Ferme Park Road,LONDON,UK N4 4DS",51.57381,-0.1127912
cardtronics,"57-73 Chrisp Street,London,UK E14 6LP",51.51372,-0.01471828
cardtronics,"57-73 Chrisp,POPLAR,UK E14 6",51.51314,-0.0141071
cardtronics,"26-28 Forest Hill Road,Dulwich,UK 0SE22",51.45365,-0.0622196
cardtronics,"39 Marsh Hill,LONDON,UK E9 5QA",51.5497,-0.03610899
cardtronics,"108 Deptford High Street,LONDON,UK SE8 4NS",51.47803,-0.02576454
cardtronics,"445-453 Wick Lane,London,UK E3 2TB",51.53429,-0.02135115
cardtronics,"55-57 East Hill,London,UK SW18 2QE",51.45747,-0.1845796
cardtronics,"Unit 18 Harbour Exchange Square,London,UK E14 9",51.49923,-0.0142547
cardtronics,"Harbour Exchange Square,London,UK E14 9GE",51.49879,-0.01430937
cardtronics,"OS 55 Deptford High Street,LONDON,UK SE8 4AA",51.47691,-0.02611256
cardtronics,"32a Eastway,LONDON,UK E9 5JB",51.54503,-0.02976025
cardtronics,"33D Eastway,London,UK E9 5JB",51.54503,-0.02976025
cardtronics,"144-150 Upper Clapton Road,London,UK E5 9JZ",51.56422,-0.05909662
cardtronics,"FULHAM PALACE ROAD,LONDON,UK W6 8RF",51.487,-0.2199171
cardtronics,"177 - 189 Creek Road,DEPTFORD,UK SE8 3BU",51.48117,-0.02147225
cardtronics,"102 Burcham Street,LONDON,UK E14 0SH",51.51371,-0.01178448
cardtronics,"923 - 931 Fulham Road,LONDON,UK SW6 5",51.47252,-0.2090044
cardtronics,"44 Deptford High Street,LONDON,UK SE8 4AF",51.47552,-0.02572681
cardtronics,"COTTON STREET,LONDON,UK E14 0EL",51.5107,-0.01084016
cardtronics,"248 Malpass Road,LONDON,UK SE4 1DJ",51.4663,-0.03512175
cardtronics,"8 North Pole Road,LONDON,UK W10 6",51.52002,-0.2259182
cardtronics,"255-257 East India Dock Road,LONDON,UK E14 0EG",51.51143,-0.01048863
cardtronics,"O/s 214 Uxbridge Road,London,UK W12 7JD",51.50583,-0.2273796
cardtronics,"St James Drive,WANDSWORTH,UK SW12 8NL",51.44738,-0.1639309
cardtronics,"110 Forest Hill Road,LONDON,UK SE22 0RS",51.452,-0.06025732
cardtronics,"222-224 Fulham Palace Road,London,UK W6 9NT",51.48409,-0.2201235
cardtronics,"o/s Hammersmith Apollo,Hammersmith,UK W6 9PH",51.49036,-0.2237277
cardtronics,"OUTSIDE BALHAM U/G BALHAM HIGH ROAD, Tooting,Tooting,UK SW12 9BP",51.44376,-0.152958
cardtronics,"OS THE BEDFORD PUB,LONDON,UK SW12 9RT",51.44282,-0.1481975
cardtronics,"O/S Brockley Arms Pub,London,UK SE4 2RS",51.46372,-0.0358812
cardtronics,"Balham High Road,LONDON,UK SW12 9SG",51.44326,-0.1519075
cardtronics,"65-67 Oldhill Street,LONDON,UK N16 6LU",51.56928,-0.06501997
cardtronics,"235A Scrubbs Lane,Hammersmith,UK W10 6AH",51.52071,-0.2287141
cardtronics,"33-49 Deptford Bridge,London,UK SE8 4HH",51.47443,-0.022029
cardtronics,"178 Norwood Road,London,UK SE27 9AU",51.43965,-0.1066083
cardtronics,"Jcn Uxbridge Road / Loftus Road,LONDON,UK W12 8NR",51.50599,-0.2310689
cardtronics,"21-23 The Broadway,London,UK N8 8DU",51.57887,-0.124106
cardtronics,"137-138, Bredinghurst Overhill Road,LONDON,UK SE22 0PN",51.44702,-0.06674103
cardtronics,"351 SEVEN SISTERS ROAD,SOUTH TOTTENHAM,UK N15 6RD",51.5758,-0.0851661
cardtronics,"242-246 Brockley Road,Lewisham,UK SE4 2SU",51.46185,-0.03564161
cardtronics,"23 The BRoadway,London,UK N8 8D",51.57909,-0.1240237
cardtronics,"176 - 178 Sternhold Avenue,London,UK SW2 4RU",51.4388,-0.1267328
cardtronics,"101 Blackwall Way,LONDON,UK E14 9QT",51.50624,-0.005814001
cardtronics,"New Capital Quay,Greenwich,UK SE10 9DD",51.48211,-0.01430405
cardtronics,"4 Buckhold Square,Wandsworth,UK 0SW18",51.45672,-0.1948343
cardtronics,"286 Manchester Road,LONDON,UK E14 3HW",51.49423,-0.00788971
cardtronics,"Balham High Street,BALHAM,UK SW12 9BE",51.44165,-0.1539119
cardtronics,"Theydon Road,London,UK E5 9BQ",51.5657,-0.05079598
cardtronics,"4 Station Rise,LONDON,UK SE27 9BU",51.43847,-0.1054427
cardtronics,"4 Buckhold Road,London,UK SW18 4JS",51.45699,-0.196675
cardtronics,"361 Archway Road,LONDON,UK N6 4EJ",51.57781,-0.1479665
cardtronics,"1a The Mall,Forest Hill,UK 0SE23",51.4495,-0.0554766
cardtronics,"89 Weston Park,LONDON,UK N8 9PR",51.5804,-0.1152957
cardtronics,"O/s 336-338 Uxbridge Road,London,UK W12 7LL",51.5066,-0.2340516
cardtronics,"70 Glenthorne Road,LONDON,UK W6 0LR",51.49453,-0.2318516
cardtronics,"22-26 Cricklewood Broadway,London,UK NW2 3HD",51.55284,-0.2104267
cardtronics,"499 Lordship Lane,London,UK SE22 8JY",51.44413,-0.06819671
cardtronics,"252-254 Balham High Road,London,UK SW17 7AW",51.44044,-0.1556762
cardtronics,"112 Blackheath Road,LONDON,UK SE10 8DA",51.47302,-0.01812051
cardtronics,"713 Finchley Road,Brent,UK NW2 2JN",51.5624,-0.197601
cardtronics,"29 Cricklewood Broadway,LONDON,UK NW2 3JX",51.55304,-0.211471
cardtronics,"St James Drive,WANDSWORTH,UK 0SW12",51.44223,-0.1642869
cardtronics,"2-6 High Road,Stamford Hill,UK N16 6TZ",51.57547,-0.07204536
cardtronics,"294-296 Brockley Road,Brockley,UK SE4 2RA",51.4591,-0.0342034
cardtronics,"142-144 King Street,LONDON,UK W6 0QU",51.49277,-0.2327961
cardtronics,"130-138 Garratt Lane,London,UK SW18 4DJ",51.45127,-0.1905041
cardtronics,"145 Tottenham Lane,HORNSEY,UK N8 9BT",51.582,-0.119551
cardtronics,"Queen Elizabeth Olympic Park,LONDON,UK E20 3ZH",51.54762,-0.01911799
cardtronics,"62 - 64 Trinity Road,TOOTING BEC,UK SW17 7HW",51.44218,-0.1667357
cardtronics,"59 Loampit Hill,LONDON,UK SE13 7SZ",51.46698,-0.02247195
cardtronics,"Tottenham Lane,London,UK N8 8SE",51.58236,-0.1197596
cardtronics,"521 Seven Sisters Road,LONDON,UK N15 6EP",51.5787,-0.08207016
cardtronics,"93-113 Park Road,London,UK N8 8JN",51.58222,-0.1280189
cardtronics,"245-247 Greenwich High Road,Greenwich,UK 0SE10",51.47916,-0.0110191
cardtronics,"6 Upper Richmond Road,EAST PUTNEY,UK SW15 2SD",51.45681,-0.2029507
cardtronics,"10 Sidmouth Parade,LONDON,UK NW2 5HG",51.54273,-0.2248998
cardtronics,"771 Harrow Road,LONDON,UK 0NW10",51.5316,-0.2323076
cardtronics,"96 Streatham High Road,LONDON,UK SW16 1BS",51.43506,-0.1285844
cardtronics,"187-189 Uxbridge Road,London,UK W12 9RA",51.50616,-0.2382101
cardtronics,"300 Norwood Road,LONDON,UK SE27 9AF",51.4352,-0.1043654
cardtronics,"312 The Loft, Montfichet Road,STRATFORD,UK E20 1ET",51.54513,-0.01437792
cardtronics,"312 The Loft, Montfichet Road,STRATFORD,UK E20 1ET",51.54513,-0.01437792
cardtronics,"312 The Loft, Montfichet Road,STRATFORD,UK E20 1ET",51.54513,-0.01437792
cardtronics,"312 The Loft,STRATFORD,UK E20 1ET",51.54513,-0.01437792
cardtronics,"312 The Loft, Montfichet Road,STRATFORD,UK E20 1ET",51.54513,-0.01437792
cardtronics,"312 The Loft, Montfichet Road,STRATFORD,UK E20 1ET",51.54513,-0.01437792
cardtronics,"312 The Loft, Montfichet Road,STRATFORD,UK E20 1ET",51.54513,-0.01437792
cardtronics,"230 King Street,LONDON,UK W6 0RA",51.49303,-0.2357415
cardtronics,"383 Brockley Road,London,UK SE4 2PH",51.45449,-0.03711589
cardtronics,"513 ARCHWAY ROAD,CAMDEN,UK N6 4HX",51.58038,-0.1538697
cardtronics,"200-202 St Annes Road,London,UK N15 5RP",51.58034,-0.08222557
cardtronics,"539 Norwood Road,London,UK SE27 9DL",51.43468,-0.1035758
cardtronics,"65 Tottenham Lane,LONDON,UK N8 9BE",51.58395,-0.1160253
cardtronics,"290 Willesden Lane,London,UK NW2 5HS",51.54736,-0.2229976
cardtronics,"73-75 Upper Richmond Road,London,UK SW15 2SR",51.4588,-0.2100026
cardtronics,"73 - 74 Upper Richmond Road,Putney,UK 0SW15",51.45887,-0.2101156
cardtronics,"589-591 Green Lanes,LONDON,UK N8 0RG",51.58397,-0.1003334
cardtronics,"271 BALHAM HIGH ROAD, Tooting,Tooting,UK SW17 7BD",51.43674,-0.1575943
cardtronics,"120 Leigham Court Road,London,UK SW16 2RW",51.43264,-0.1173393
cardtronics,"265-267 High Street,London,UK E15 2",51.53619,-0.0040302
cardtronics,"875 Harrow Road,London,UK NW10 5NG",51.53208,-0.2366085
cardtronics,"Cricklewood Lane,London,UK NW2 1ET",51.55728,-0.2149566
cardtronics,"Great West Road,HAMMERSMITH,UK W6 9TQ",51.49099,-0.239043
cardtronics,"179-181 Merton Road,LONDON,UK SW18 5EF",51.45016,-0.199115
cardtronics,"98 Askew Road,London,UK W12 9BL",51.50283,-0.2433962
cardtronics,"215A CRICKLEWOOD BROADWAY,CRICKLEWOOD,UK NW2 3HS",51.55746,-0.2166097
cardtronics,"2A  Tooting Bec Road,LONDON,UK SW17 8BD",51.43516,-0.1584284
cardtronics,"o/s Russell Cooke Solicitors,PUTNEY,UK SW15 6AB",51.46072,-0.217549
cardtronics,"5 Putney Hill,LONDON,UK SW15 6BA",51.46024,-0.2170013
cardtronics,"58 Knights Hill,LONDON,UK SE27 0JD",51.43124,-0.104487
cardtronics,"5-6 Queens Parade,LONDON,UK N8 0RD",51.58653,-0.1011396
cardtronics,"International Way,LONDON,UK E20 1",51.54552,-0.0075621
cardtronics,"International Way,LONDON,UK E20 1",51.54552,-0.0075621
cardtronics,"Unit A0001,STRATFORD,UK E20 1EH",51.54428,-0.006318932
cardtronics,"Unit A1010,STRATFORD,UK E20 1EH",51.54428,-0.006318932
cardtronics,"Trafalgar Road,LONDON,UK SE10 9TS",51.48408,0.0009922219
cardtronics,"372 Goldhawk Road,London,UK W6 0XF",51.49712,-0.2442908
cardtronics,"209 Lea Bridge Road,LEYTON,UK E10 7PN",51.5675,-0.03325548
cardtronics,"4 Vicarage Parade,LONDON,UK N15 3BL",51.58609,-0.08981852
cardtronics,"372 Goldhawk Road,LONDON,UK W6 0X",51.49596,-0.244574
cardtronics,"393 King Street,LONDON,UK W6 9N",51.49323,-0.2439442
cardtronics,"262 Streatham High Road,STREATHAM,UK SW16 1HS",51.42989,-0.1306402
cardtronics,"280 Wightman Road,LONDON,UK N8 0LT",51.58824,-0.1091955
cardtronics,"472-480 West Green Road,LONDON,UK N15 3DA",51.58749,-0.09854501
cardtronics,"Outside Earlsfield Station,London,UK SW18 4ES",51.44211,-0.1883115
cardtronics,"226 High Street,LONDON,UK NW10 4TD",51.53316,-0.2409233
cardtronics,"134 West Hill,London,UK SW15 2UE",51.45401,-0.2115941
cardtronics,"289 Merton Road,London,UK SW18 5JS",51.44631,-0.1980242
cardtronics,"West Ham Tube Station,LONDON,UK E15 3BN",51.52847,0.005336452
cardtronics,"192-194 West Green Road,LONDON,UK N15 5AG",51.58583,-0.08434799
cardtronics,"95 Star Lane,LONDON,UK E16 4RF",51.52031,0.008064376
cardtronics,"95-99 Barking Road,LONDON,UK E16 4HB",51.51641,0.00916587
cardtronics,"Jcn Upper Rich Road, Carlton Road,London,UK SW15 2DH",51.45737,-0.2173209
cardtronics,"24 Barking Road,London,UK E16 1EQ",51.51626,0.01016782
cardtronics,"1 Waldran Park Road,London,UK SE23 2PW",51.4409,-0.04896673
cardtronics,"Devonshire Road,FOREST HILL,UK SE23 2LD",51.43974,-0.05189859
cardtronics,"Devonshire Road,LONDON,UK SE23 2LD",51.43974,-0.05189859
cardtronics,"92 Old Oak Common Lane,LONDON,UK W3 7DA",51.51458,-0.2487982
cardtronics,"Os 29-31 Turnpike Lane,London,UK N8 0EP",51.58964,-0.1052989
cardtronics,"207 Streatham High Road,LONDON,UK SW16 6EG",51.42823,-0.1307735
cardtronics,"Management Suite 33A,LONDON,UK SE13 7HB",51.46183,-0.01260036
cardtronics,"O/s Postoffice,London,UK NW2 1NY",51.56812,-0.2086215
cardtronics,"163-165 Stanstead Road,LONDON,UK SE23 1HP",51.44234,-0.04344695
cardtronics,"200-206 Trafalgar Road,London,UK SE10 9ER",51.48523,0.006427299
cardtronics,"O/S East Acton Post Office,London,UK W3 7DH",51.51464,-0.2496899
cardtronics,"65-67 Broad Lane,LONDON,UK N15 4",51.58442,-0.0685892
cardtronics,"33 Park Parade,LONDON,UK NW10 4JE",51.53717,-0.2424443
cardtronics,"o/s 211 Philip Lane,London,UK N15 4HL",51.58795,-0.08405274
cardtronics,"O/S STARBUCKS 46 THE BROADWAY,STRATFORD,UK E15 1NG",51.54159,0.001936061
cardtronics,"O/S 192-206 High Road,London,UK NW10 2PB",51.5476,-0.2352025
cardtronics,"Outside Shiv Darshan 169,TOOTING,UK SW17 7TJ",51.43185,-0.1637698
cardtronics,"3-4 The Pavement,London,UK SE27 0UN",51.42758,-0.1020788
cardtronics,"147-149 Franciscan,TOOTING,UK SW17 8DS",51.43011,-0.1559877
cardtronics,"180-186 UPPER TOOTING Road,LONDON,UK 0SW17",51.43171,-0.1642883
cardtronics,"340 Grange Road,LONDON,UK E13 0HQ",51.52514,0.01082761
cardtronics,"46 West Ham Lane,LONDON,UK E15 4PT",51.53748,0.005628282
cardtronics,"86 Hermit Road,London,UK E16 4",51.52069,0.0124929
cardtronics,"344b Streatham High Road,STREATHAM,UK 0SW16",51.42666,-0.1315117
cardtronics,"9A Westbury Avenue,LONDON,UK N22 6BS",51.59109,-0.1025853
cardtronics,"216-218 HIGH Road,LONDON,UK 0NW10",51.54791,-0.2365654
cardtronics,"67 Dartmouth Road,LONDON,UK SE23 3HT",51.43628,-0.05480522
cardtronics,"172 Church Road,LONDON,UK E10 7BH",51.565,-0.0203805
cardtronics,"os Corte 189 Lewisham High Street,LONDON,UK SE13 6AA",51.4602,-0.01084462
cardtronics,"11 Church Street,LONDON,UK E15 3HU",51.53618,0.00742258
cardtronics,"7 Church Street,LONDON,UK E15 3HU",51.53618,0.00742258
cardtronics,"312 Lewisham High Street,LONDON,UK SE13 6JZ",51.45722,-0.01398491
cardtronics,"16-18 Church Street,London,UK E15 3HX",51.53582,0.007991152
cardtronics,"198 Philip Lane,London,UK N15 4HH",51.58903,-0.0805093
cardtronics,"78 High Street Harlesden,LONDON,UK 0NW10",51.53571,-0.2464155
cardtronics,"249 Gipsy Road,LONDON,UK SE27 9QY",51.42747,-0.08780389
cardtronics,"178 Philip Lane,LONDON,UK N15 4JW",51.58925,-0.07940892
cardtronics,"134 High Road,LEYTON,UK E15 2BX",51.55449,-0.005096655
cardtronics,"36 Chiswick Lane,LONDON,UK W4 2JQ",51.48979,-0.2513197
cardtronics,"34 Philips Lane,LONDON,UK N15 4JB",51.58868,-0.07236636
cardtronics,"70 Philip Lane,LONDON,UK N15 4JE",51.58891,-0.07333651
cardtronics,"Entrance to Tooting Market,TOOTING,UK SW17 0SN",51.4291,-0.1660617
cardtronics,"97 Plaistow Road,LONDON,UK E15 3ET",51.53358,0.01260035
cardtronics,"222 High Road,LONDON,UK E10 5PS",51.55813,-0.006463432
cardtronics,"331 Stanstead Road,LONDON,UK SE6 4UE",51.44221,-0.0330645
cardtronics,"42-44 Wesbury Avenue,LONDON,UK N22 6RS",51.59357,-0.09763504
cardtronics,"107-109 Moyser Road,STREATHAM,UK SW16 6SJ",51.42538,-0.1487525
cardtronics,"387-389 High Road,LONDON,UK N17 6QN",51.5893,-0.07060377
cardtronics,"Alexandra Palace Way,LONDON,UK N22 7AY",51.59454,-0.1302372
cardtronics,"Alexandra Palace Way,LONDON,UK N22 7AY",51.59454,-0.1302372
cardtronics,"Alexandra Palace Way,LONDON,UK N22 7AY",51.59454,-0.1302372
cardtronics,"Alexandra Palace Way,LONDON,UK N22 7AY",51.59454,-0.1302372
cardtronics,"Alexandra Palace Way,LONDON,UK N22 7AY",51.59454,-0.1302372
cardtronics,"Alexandra Palace Way,LONDON,UK N22 7AY",51.59454,-0.1302372
cardtronics,"Alexandra Palace Way,LONDON,UK N22 7AY",51.59454,-0.1302372
cardtronics,"73 Westbury Avenue,LONDON,UK N22 6SA",51.59382,-0.0978077
cardtronics,"Stratford Campus,LONDON,UK E15 4HT",51.54012,0.009707217
cardtronics,"344 High Road,London,UK NW10 2EG",51.54887,-0.24133
cardtronics,"260 Knights Hill,NORWOOD,UK SE27 0QP",51.42341,-0.1057183
cardtronics,"76,London,UK W4 1QN",51.49442,-0.2550851
cardtronics,"666 Garrett Lane,Tooting,UK SW17 0NP",51.43318,-0.1846489
cardtronics,"54-56 Campshill Road,London,UK SE13 6QT",51.45518,-0.01084135
cardtronics,"23-25 Leytonstone Road,LONDON,UK E15 1JA",51.54683,0.005811686
cardtronics,"373 UPPER RICHMOND ROAD,PUTNEY,UK SW15 5QJ",51.46436,-0.2376092
cardtronics,"124 Markhouse Road,London,UK E17 8BQ",51.57531,-0.02996689
cardtronics,"73 Dudden Hill Lane,WILLESDEN,UK NW10 1BD",51.55062,-0.2408474
cardtronics,"4 Bank Buildings,STREATHAM,UK SW16 6NG",51.42356,-0.1419856
cardtronics,"371 - 373 Lea Bridge Road,LONDON,UK E10 7EA",51.57157,-0.02212031
cardtronics,"Water Lane,LONDON,UK E15 4LZ",51.54333,0.009847767
cardtronics,"182 Perry Vale,London,UK SE23 2LR",51.43506,-0.04413421
cardtronics,"112-122 Gypsy Hill,London,UK SE19 1PL",51.42444,-0.08338164
cardtronics,"Rushey Green,Catford,UK SE6 4JD",51.44828,-0.01791868
cardtronics,"112 - 122 Gypsy Hill,LONDON,UK 0SE19",51.4244,-0.0834127
cardtronics,"os McDonalds,LONDON,UK SW17 9NA",51.42678,-0.1667681
cardtronics,"148 - 152 Leytonstone Road,London,UK E15 1",51.55003,0.0052229
cardtronics,"78 Craven Park Road,LONDON,UK NW10 4AE",51.53925,-0.2509357
cardtronics,"11 Colney Hatch Lane,London,UK N10 1QB",51.59503,-0.1456976
cardtronics,"Outside Subway, Number 79,TOOTING,UK SW17 9PD",51.42611,-0.165324
cardtronics,"462-464 Leyton High Road,GREATER LONDON,UK E10 6QA",51.56533,-0.01048987
cardtronics,"Plaistow Underground,Plaistow,UK E13 0DY",51.53124,0.01781046
cardtronics,"4 Crystal Palace Parade,London,UK SE19 1UN",51.42507,-0.07566663
cardtronics,"133 Hamilton Road,LONDON,UK NW11 9EG",51.57504,-0.213406
cardtronics,"177-187 Arthur Road,London,UK SW19 8AE",51.43512,-0.1978164
cardtronics,"Newham Way Filling Station,LONDON,UK E16 1QX",51.51696,0.02315208
cardtronics,"Nr Jcn Bickersteth Road, Mitcham Road,London,UK SW17 9NH",51.42455,-0.1641079
cardtronics,"Wood Green,LONDON,UK N22 8HH",51.59789,-0.1102315
cardtronics,"190-192  High Road Leytonstone,LONDON,UK E11 3HU",51.5535,0.005500264
cardtronics,"3 ST MICHAELS TERRACE,LONDON,UK N22 7SJ",51.59841,-0.1192336
cardtronics,"182 Church Road,WILLESDEN,UK NW10 9NP",51.54786,-0.248405
cardtronics,"53 Freemasons Road,LONDON,UK E16 3PJ",51.51141,0.0247355
cardtronics,"2 St James Street,LONDON,UK E17 7PF",51.58094,-0.03339099
cardtronics,"277 Kirkdale,SYDENHAM,UK SE26 4QD",51.42812,-0.05677427
cardtronics,"Outside 126 Opposite Melrose Avenue,Wimbledon,UK SW19 8AA",51.43452,-0.1991654
cardtronics,"203 Church Road,LONDON,UK 0NW10",51.54805,-0.2487809
cardtronics,"173-175 Arthur Road,Wimbledon Park,UK 0SW19",51.43457,-0.1995682
cardtronics,"59 Plough Lane,London,UK SW17 0BW",51.42925,-0.1853816
cardtronics,"262 Lee High Road,LONDON,UK SE13 5PL",51.45839,0.0004854604
cardtronics,"148 Church Road,WILLESDEN,UK NW10 9NH",51.54707,-0.2501448
cardtronics,"53 Stratford Road,PLAISTOW,UK E13 0NF",51.53298,0.02080419
cardtronics,"122 Alexandra Park Road,LONDON,UK N10 2AH",51.59849,-0.1375743
cardtronics,"13a Beaumont Road,LONDON,UK E10 5BJ",51.57095,-0.01331818
cardtronics,"Estreham Road,STREATHAM,UK SW16 5NT",51.41917,-0.1355252
cardtronics,"20 TRANQUIL VALE,BLACKHEATH,UK SE3 0AX",51.4662,0.009057649
cardtronics,"112 Brent Terrace,London,UK NW2 1LT",51.57042,-0.2257128
cardtronics,"6 Mordaunt Road,LONDON,UK NW10 8NU",51.5367,-0.2574654
cardtronics,"Tranquil Vale,LONDON,UK SE3 9LE",51.46563,0.008773941
cardtronics,"7 Greyhound Lane,LONDON,UK SW16 5NP",51.41889,-0.1345048
cardtronics,"504 Lordship Lane,London,UK N22 5DE",51.59824,-0.0930213
cardtronics,"628 Lordship Lane,LONDON,UK N22 5JH",51.59924,-0.1021955
cardtronics,"534 Lordship Lane,LONDON,UK N22 5BY",51.59891,-0.09727963
cardtronics,"348 Lordship Lane,LONDON,UK N17 7QX",51.59794,-0.08813205
cardtronics,"24 High Street,LONDON,UK E17 7LD",51.58187,-0.03124543
cardtronics,"Black Horse Road,London,UK E17 6ND",51.58572,-0.03960735
cardtronics,"247 Mitcham Lane,London,UK SW16 6QB",51.41939,-0.1466743
cardtronics,"200-206 Hither Green Lane,London,UK SE13 6RT",51.45065,-0.006187063
cardtronics,"142-144 East End Road,FINCHLEY,UK N2 0RZ",51.59217,-0.1805355
cardtronics,"91 Neasden Lane,LONDON,UK NW10 2UE",51.55175,-0.2493412
cardtronics,"124-126 High Street,LONDON,UK E13 0AP",51.52913,0.02491525
cardtronics,"3-4 Oxgate Court Parade,LONDON,UK NW2 7ET",51.5667,-0.2337813
cardtronics,"70-72 Pretoria Avenue,London,UK E17 7DL",51.58447,-0.03455002
cardtronics,"98 - 100 Cann Hall Road,London,UK E11 3JF",51.55471,0.009371621
cardtronics,"193-195 Lee High Road,LEWISHAM,UK SE13 5PQ",51.45881,0.00488827
cardtronics,"183-185 Lee High Road,LONDON,UK SE13 5PQ",51.45881,0.00488827
cardtronics,"37A Shooterhill Road,LONDON,UK SE3 7HS",51.47408,0.01805529
cardtronics,"63-65 Westow Hill,LONDON,UK SE19 1TS",51.41984,-0.08034328
cardtronics,"15-17 Central Hill,London,UK SE19 1BG",51.4193,-0.08347864
cardtronics,"187 Lordship Lane,London,UK N17 6XF",51.59802,-0.07868587
cardtronics,"192-210 Horn Lane,London,UK W3 6PL",51.51632,-0.2670744
cardtronics,"218 Horn Lane,Acton,UK W3 6PL",51.51632,-0.2670744
cardtronics,"154 Newport Road,LONDON,UK E10 6PF",51.56602,-0.001283424
cardtronics,"674 High Road,LEYTON,UK E10 6JP",51.5712,-0.008207512
cardtronics,"666 High Road,LEYTON,UK E10 6JP",51.5712,-0.008207512
cardtronics,"666 High Road,LEYTON,UK E10 6JP",51.5712,-0.008207512
cardtronics,"Unit 1 192/210 Horn Lane,Acton,UK W3 6P",51.51595,-0.2678118
cardtronics,"90 Inner Park Road,London,UK SW19 6DA",51.44109,-0.221256
cardtronics,"340-342 Woolwich Road,CHARLTON,UK SE7 7AL",51.48717,0.02673794
cardtronics,"8 Commerce Street,Wood Green,UK N22 8",51.60233,-0.1128279
cardtronics,"33 London Road,LONDON,UK SW17 9JR",51.41927,-0.161609
cardtronics,"Brent Cross Shopping Centre,BRENT CROSS,UK NW4 3FB",51.57637,-0.2237722
cardtronics,"74 - 78 Sydenham Road,Sydenham,UK 0SE26",51.42569,-0.0497862
cardtronics,"Bank Lane, off Priory Lane,LONDON,UK SW15 5JQ",51.46281,-0.2501311
cardtronics,"373 Prince Regent Lane,London,UK E16 3JP",51.51336,0.03204945
cardtronics,"1 Cundy Road,London,UK E16 3DJ",51.511,0.03232536
cardtronics,"320 Grove Green Road,LONDON,UK E11 4EA",51.56508,0.002836704
cardtronics,"18-20 Devonshire Road,London,UK SW19 2EN",51.41964,-0.1670236
cardtronics,"Anchor & Hope Lane,London,UK SE7 7RZ",51.48843,0.02908999
cardtronics,"Prince Regent Lane,LONDON,UK E13 8SG",51.52038,0.03167811
cardtronics,"537 - 539 HIGH ROAD,London,UK E11 4PB",51.56072,0.008061567
cardtronics,"165 Forest Road,LONDON,UK E17 6HE",51.58782,-0.03520003
cardtronics,"308-312 Sangley Road,London,UK SE6 2",51.44226,-0.0114289
cardtronics,"107-109 Streatham Vale,London,UK SW16 5SQ",51.41531,-0.1392854
cardtronics,"308-312 Sangley Road,London,UK SE6 2JT",51.44221,-0.01140215
cardtronics,"191 Upton Lane,LONDON,UK E7 9PJ",51.54172,0.0240607
cardtronics,"Brownhill Road,Catford,UK SE6 1AA",51.44526,-0.006179695
cardtronics,"256 Haydons Road,WIMBLEDON,UK SW19 8TT",51.42402,-0.1883001
cardtronics,"351a High Road,LONDON,UK N22 8JA",51.60442,-0.1120747
cardtronics,"237-239 Roehampton Lane,London,UK SW15 4LB",51.4494,-0.2388749
cardtronics,"258-260 Hither Green Lane,LONDON,UK SE13 6TT",51.44762,-0.0009297958
cardtronics,"74 Plashet Road,LONDON,UK E13 0RQ",51.53721,0.02814277
cardtronics,"90 Trinity Road,LONDON,UK N22 8YB",51.60476,-0.1214379
cardtronics,"66 FIELD ROAD,LONDON,UK E7 9DL",51.55159,0.01952278
cardtronics,"O/S 4 Station Parade,LONDON,UK W4 3HD",51.48152,-0.2677029
cardtronics,"Station Parade,CHISWICK,UK W4 3HD",51.48152,-0.2677029
cardtronics,"165 Shooters Hill Road,London,UK SE3 8UQ",51.47533,0.02683287
cardtronics,"39 Charlton Church Lane,LONDON,UK SE7 7AE",51.48621,0.03219228
cardtronics,"UNIT 2 HERON PLACE,ROYAL DOCKS,UK E16 2FL",51.5021,0.03621363
cardtronics,"272 Neasden Lane,LONDON,UK NW10 0AD",51.56009,-0.2511075
cardtronics,"342 Neasden Lane,LONDON,UK NW10 0AD",51.56009,-0.2511075
cardtronics,"314 High Road,WOOD GREEN,UK N22 8JR",51.60569,-0.1112551
cardtronics,"647- 661 High Road,LONDON,UK E11 4RD",51.56382,0.00958321
cardtronics,"Glen Road,London,UK E13 8SL",51.52296,0.03540664
cardtronics,"538 Leytonstone High Road,LONDON,UK E11 3DH",51.56387,0.0101662
cardtronics,"O/S 36 Great Cambridge Rd,LONDON,UK N17 7BU",51.60449,-0.08601701
cardtronics,"67-73 Woodgrange Road,London,UK E7 0EL",51.54888,0.02445013
cardtronics,"67/73 Woodgrange Road,Forest Gate,UK E7 0E",51.54916,0.0244353
cardtronics,"4 Queens Parade,LONDON,UK N11 2DN",51.60687,-0.1236062
cardtronics,"2 Festoon Way,LONDON,UK E16 1RH",51.5074,0.03843179
cardtronics,"Norbury Avenue,LONDON,UK SW16 3RW",51.41103,-0.1197405
cardtronics,"38-40 Randlesdown Road,London,UK SE6 3BT",51.43269,-0.02010538
cardtronics,"209 - 211 Bromley Road,London,UK SE6 2PG",51.43409,-0.01734453
cardtronics,"223-225 Charlton Road,LONDON,UK SE7 7ED",51.47979,0.03153487
cardtronics,"298 Forest Road,WALTHAMSTOW,UK E17 5JG",51.58941,-0.02818977
cardtronics,"Holybourne Avenue,ROEHAMPTON,UK SW15 4JD",51.44775,-0.2422798
cardtronics,"215 Dames Road,FOREST GATE,UK E7 0EA",51.55714,0.01896545
cardtronics,"2 Drury Way,LONDON,UK NW10 0TH",51.55389,-0.2598132
cardtronics,"Fairview Road,London,UK SW16 5PY",51.41055,-0.1237799
cardtronics,"Essex Road,LEYTON,UK E10 6EQ",51.57601,-0.002867355
cardtronics,"749 High Road Leytonstone,LONDON,UK E11 4QS",51.56641,0.01001595
cardtronics,"369 North Circular Road,Neasden,UK NW10 0SH",51.54688,-0.265427
cardtronics,"79 Kidbrooke Park Road,LONDON,UK SE3 0DZ",51.46796,0.02533298
cardtronics,"333-335 Forest Road,LONDON,UK E17 5JR",51.58984,-0.02749578
cardtronics,"Alexandra Road,Wimbledon,UK SW19 7JY",51.42473,-0.2021894
cardtronics,"High Rd(A406 NORTH CIRCULAR),NORTH FINCHLEY,UK N12 0AP",51.60185,-0.1742432
cardtronics,"232-236 Green Street,LONDON,UK E7 8LE",51.53983,0.03238198
cardtronics,"232-236 Green Street,LONDON,UK E7 8LE",51.53983,0.03238198
cardtronics,"241 Bromley Road,LONDON,UK SE6 2RA",51.43278,-0.01689646
cardtronics,"29 Church Lane,LONDON,UK E11 1HG",51.5682,0.009265825
cardtronics,"O/S Bounds Green,LONDON,UK N11 2EU",51.60836,-0.1264665
cardtronics,"265 Bromley Road,LONDON,UK SE6 2",51.43249,-0.0168209
cardtronics,"jct Park Lane and High Road,LONDON,UK N17 0AL",51.60329,-0.06738339
cardtronics,"43 High Street,LONDON,UK SE20 7HW",51.41706,-0.05673698
cardtronics,"201 Boundary Road,London,UK E13 9QF",51.52516,0.03963109
cardtronics,"124-126 Green Street,LONDON,UK E7 8JQ",51.54289,0.03226782
cardtronics,"124 - 126 GREEN STREET,LONDON,UK E7 8J",51.54339,0.0322782
cardtronics,"380 - 382 Romford Road,NEWHAM,UK E7 8B",51.54671,0.0304654
cardtronics,"BURNT ASH RD,london,UK SE12 8RA",51.45102,0.01266061
cardtronics,"107-111 Anerley Road,LONDON,UK SE20 8AP",51.41359,-0.06869996
cardtronics,"26-28 Green Lane,Thornton Heath,UK CR7 8BB",51.40884,-0.1058911
cardtronics,"40 Green Lane,THORNTON HEATH,UK CR7 8BB",51.40884,-0.1058911
cardtronics,"380 - 382 Romford Road,NEWHAM,UK E7 8BS",51.54667,0.03079862
cardtronics,"330-340 Romford Road,LONDON,UK E7 8BS",51.54667,0.03079862
cardtronics,"24 Watford Way,LONDON,UK NW4 3AD",51.58345,-0.2274204
cardtronics,"19-23 The Village,London,UK SE7 8UG",51.48201,0.03698378
cardtronics,"o/s 781 High Road,London,UK N17 8AH",51.60488,-0.06842475
cardtronics,"769 High Road,LONDON,UK N17 8AH",51.60488,-0.06842475
cardtronics,"2-6 White Hart Terrace,TOTTENHAM,UK N17 8HN",51.60548,-0.07148483
cardtronics,"o/s  2 Station Parade,LONDON,UK W3 0DS",51.51772,-0.2806472
cardtronics,"O/S 59 GREEN LANES, LONDON,London,UK N13 4TD",51.61011,-0.1100905
cardtronics,"16 - 26 Sheen Lane,LONDON,UK SW14 8LW",51.4669,-0.2669617
cardtronics,"196-200 Shooters Hill Road,London,UK SE3 8RP",51.47452,0.03420278
cardtronics,"10 BARKING ROAD,LONDON,UK E6 3BP",51.53044,0.04036006
cardtronics,"o/s 7 The Broadway,EALING,UK W3 8HR",51.5022,-0.2815152
cardtronics,"Western Avenue,LONDON,UK W3 0TE",51.52696,-0.279373
cardtronics,"A40,PARK ROYAL,UK W3 0P",51.5251,-0.2801128
cardtronics,"323 Higham Hill Road,London,UK E17 5RG",51.59637,-0.03530816
cardtronics,"Block H3/H4, Retail Unit 1,Barnet.,UK NW9 7ED",51.57777,-0.2395323
cardtronics,"14 Finchley Lane,HENDON,UK NW4 1DL",51.58931,-0.2197815
cardtronics,"14 Finchley Lane,LONDON,UK NW4 1DL",51.58931,-0.2197815
cardtronics,"172 London Road,MITCHAM,UK CR4 3LD",51.41064,-0.1619718
cardtronics,"115 Anerley Road,London,UK SE20 8AJ",51.41229,-0.06702361
cardtronics,"871 Lea Bridge Road,London,UK E17 9DS",51.58072,-0.002397697
cardtronics,"Henleys of New Southgate,LONDON,UK N11 2UU",51.61041,-0.136996
cardtronics,"6 Empire Parade, Great Cambridge Road,LONDON,UK N18 1AA",51.60904,-0.08601487
cardtronics,"128 MERTON HIGH ST,LONDON,UK 0SW19",51.41604,-0.1873679
cardtronics,"Royale Leisure Park,Park Royal,UK W3 0PA",51.52527,-0.2813089
cardtronics,"67-73 Watford Way,Hendon,UK NW4 3AQ",51.58457,-0.2299142
cardtronics,"JCN Kings Road,LONDON,UK SW19 8PL",51.4204,-0.2012431
cardtronics,"25-31 Burnt Ash Hill,London,UK SE12 9HT",51.44815,0.0135541
cardtronics,"103 Meridian Walk,LONDON,UK N17 8EH",51.60802,-0.07462358
cardtronics,"163 -165 DUKES Road,LONDON,UK W3 0S",51.52408,-0.2823892
cardtronics,"392 Katherine Road,LONDON,UK E7 8NW",51.54174,0.03803457
cardtronics,"56 Thames Road,CHISWICK,UK W4 3RE",51.4864,-0.2804078
cardtronics,"2 Clockhouse Parade,LONDON,UK N13 6BG",51.61196,-0.1091619
cardtronics,"117 - 119 Maple Road,LONDON,UK SE20 8LP",51.41317,-0.05727623
cardtronics,"619 Forest Road,LONDON,UK E17 4NE",51.59002,-0.01594412
cardtronics,"619 Forest Road,LONDON,UK E17 4NE",51.59002,-0.01594412
cardtronics,"Travelodge London City Airport,London,UK E16 2BT",51.50343,0.0469821
cardtronics,"Unit 2-3 Building 1000 Royal Business Park,LONDON,UK E16 2QU",51.50765,0.04732238
cardtronics,"143 Bowes Road,LONDON,UK N13 4SE",51.61255,-0.1210735
cardtronics,"89 The Broadway,WIMBLEDON,UK SW19 1QE",51.41939,-0.2023434
cardtronics,"292 Upper Richmond Road West,London,UK SW14 7JG",51.4643,-0.269138
cardtronics,"335-337 Bromley Road,London,UK SE6 2RP",51.42904,-0.0129418
cardtronics,"231 Western Road,London,UK SW19 2QD",51.41191,-0.1775241
cardtronics,"165 Bowes Road,London,UK N11 2JA",51.61274,-0.1218874
cardtronics,"50 Harrow Road,WEMBLEY,UK HA9 6PL",51.54685,-0.2742932
cardtronics,"1 Great West Road,CHISWICK,UK W4 5QJ",51.4917,-0.2835141
cardtronics,"19-21 Dunfield Road,LONDON,UK SE6 3RW",51.42576,-0.01811967
cardtronics,"15-17 Church Road,London,UK NW4 4EB",51.58978,-0.2251811
cardtronics,"Middlesex University,HENDON,UK NW4 4BD",51.58825,-0.2282562
cardtronics,"27 Roehampton Vale,Roehampton,UK 0SW15",51.4404,-0.2453754
cardtronics,"29 Roehampton Vale,London,UK SW15 3DX",51.44004,-0.2450963
cardtronics,"Gunnersbury Avenue,NORTH EALING,UK W5 4LR",51.50163,-0.2867937
cardtronics,"O/S Park Royal Station,LONDON,UK W5 3EL",51.52679,-0.2849191
cardtronics,"113 Wakefield Street,LONDON,UK E6 1LG",51.53346,0.04542143
cardtronics,"148-150 Green Lanes,London,UK N13 5UN",51.61411,-0.1094013
cardtronics,"Uxbridge Road,UXBRIDGE,UK W5 3NU",51.51025,-0.2883463
cardtronics,"MDX House Middlesex Uni,LONDON,UK NW4 4BT",51.58966,-0.2284166
cardtronics,"137-141 High Road,LONDON,UK N11 1PP",51.61386,-0.1399357
cardtronics,"148 - 150 Green Lanes,LONDON,UK N13 5",51.61463,-0.1094016
cardtronics,"173 Wood Street,LONDON,UK E17 3NU",51.58576,-0.001717513
cardtronics,"164-166 Wood St,London,UK E17 3",51.58713,-0.0037162
cardtronics,"157-159 Wood Street,LONDON,UK E17 3LX",51.58705,-0.00331149
cardtronics,"256 London road,MITCHAM,UK CR4 3HD",51.40659,-0.1644007
cardtronics,"Woodhouse Road,London,UK N12 0LH",51.61221,-0.1595207
cardtronics,"Wood street,London,UK E17 3HX",51.58809,-0.00444541
cardtronics,"5 The Broadway,LONDON,UK N11 3DT",51.61374,-0.1526025
cardtronics,"3 Huxley Parade,LONDON,UK N18 1HY",51.61402,-0.08728885
cardtronics,"76 Fore Street,ENFIELD,UK N18 2FF",51.6108,-0.06511652
cardtronics,"817-823 Forest Road,London,UK E17 4JD",51.59107,-0.008085658
cardtronics,"29-31 Hanger Lane,London,UK W5 3HJ",51.51567,-0.2913328
cardtronics,"Sterling Way,LONDON,UK N18 1QX",51.61308,-0.07431243
cardtronics,"53 Wood Street,WALTHAMSTOW,UK E17 3JX",51.58968,-0.004036246
cardtronics,"Billet Road,Walthamstow,UK E17 5DT",51.60003,-0.02613372
cardtronics,"Banbury Park,Walthamstow,UK E17 5",51.60009,-0.0261377
cardtronics,"1065 London Road,CROYDON,UK CR7 6JG",51.40113,-0.1185041
cardtronics,"374 Bowes Road,LONDON,UK N11 1AH",51.61639,-0.1356193
cardtronics,"102 Somerset Road,London,UK N18 1HG",51.6129,-0.07094808
cardtronics,"43 Friern Barnet Road,London,UK N11 1NE",51.61621,-0.14283
cardtronics,"83 Ridgway,LONDON,UK SW19 4ST",51.42096,-0.2201874
cardtronics,"1 Sidcup Road,LONDON,UK SE12 8BL",51.45184,0.02882512
cardtronics,"45-51 Woodhouse Road,London,UK N12 9ET",51.61209,-0.1727223
cardtronics,"45 - 51 Woodhouse Road,London,UK N12 9",51.61217,-0.1729116
cardtronics,"10 STATION PARADE,RICHMOND,UK TW9 3PS",51.47739,-0.2862149
cardtronics,"411 Bromley Road,BROMLEY,UK BR1 4PJ",51.42596,-0.005555716
cardtronics,"411 Bromley Road,BROMLEY,UK BR1 4PJ",51.42596,-0.005555716
cardtronics,"273 Ballards Lane,FINCHLEY,UK N12 8NR",51.61134,-0.1798368
cardtronics,"316 Ballards Lane,LONDON,UK N12 0EY",51.61176,-0.1781162
cardtronics,"229 Nether Street,WEST FINCHLEY,UK N3 1NT",51.60921,-0.1889045
cardtronics,"Oakleigh Road South,LONDON,UK N11 1NH",51.61733,-0.1423108
cardtronics,"22-24 Lower Richmond Road,Richmond,UK TW9 4LJ",51.46828,-0.282007
cardtronics,"356 Verdant Lane,LONDON,UK SE6 1TP",51.43394,0.009109925
cardtronics,"Brook House,SHOOTERS HILL,UK SE18 4LP",51.47246,0.04697698
cardtronics,"16 South Lodge Avenue,MITCHAM,UK CR4 1LU",51.39976,-0.1327621
cardtronics,"1 KENDAL PARADE,LONDON,UK N18 1ND",51.61669,-0.08561021
cardtronics,"70-72 Elmers End Road,London,UK SE20 7UX",51.40603,-0.05770718
cardtronics,"223 High Street,LONDON,UK E6 1JG",51.53957,0.05074797
cardtronics,"137 Dollis Road,LONDON,UK NW7 1JX",51.60462,-0.206174
cardtronics,"400-403 High Street,BRENTFORD,UK TW8 0DU",51.48795,-0.2923447
cardtronics,"6 Glover Drive,LONDON,UK N18 3HF",51.60991,-0.04851656
cardtronics,"445-453 Bromley Road,BROMLEY,UK BR1 4PH",51.42514,-0.004137088
cardtronics,"171 Church Lane,London,UK NW9 8JS",51.57362,-0.2625161
cardtronics,"230 Chingford Road,WALTHAMSTOW,UK E17 5AL",51.59835,-0.01504906
cardtronics,"88-94 High Street South,London,UK E6 3RL",51.52697,0.05599076
cardtronics,"88-94 High St South,East Ham,UK E6 3R",51.52702,0.0560057
cardtronics,"5 Royal Parade,LONDON,UK W5 1ET",51.52945,-0.2931872
cardtronics,"166-168 Chestnut Grove,MITCHAM,UK CR4 1RB",51.39867,-0.1332054
cardtronics,"409 - 419 High Street North,EAST HAM,UK E12 6TL",51.54622,0.04861945
cardtronics,"STADIUM Road,WOOLWICH,UK 0SE18",51.4796,0.052797
cardtronics,"219 High Street South,LONDON,UK E6 3PD",51.52462,0.05749591
cardtronics,"376 High Street North,MANOR PARK,UK E12 6RH",51.54592,0.04926442
cardtronics,"399 Holmesdale Road,SOUTH NORWOOD,UK SE25 6BS",51.40099,-0.07788543
cardtronics,"4 Frances Street,LONDON,UK SE18 5EF",51.48778,0.05626581
cardtronics,"Brigstock Road,THORNTON HEATH,UK CR7 8RX",51.39843,-0.1004094
cardtronics,"16 North Circular Road,CHINGFORD,UK E4 8TX",51.60471,-0.02799891
cardtronics,"24 Downham Way,BROMLEY,UK BR1 5NX",51.42446,-0.002436198
cardtronics,"48 THE MALL,EALING,UK W5 3TJ",51.51327,-0.2981947
cardtronics,"904 London Road,THORNTON HEATH,UK CR7 7PE",51.39717,-0.1154094
cardtronics,"Westgate,London,UK W5 1UA",51.53126,-0.2957105
cardtronics,"Engineers Way,WEMBLEY,UK HA9 0FJ",51.55893,-0.2814231
cardtronics,"60 The Mall,LONDON,UK W5 3TA",51.51381,-0.3000267
cardtronics,"546-550 Westhorne Ave,London,UK SE9 6DR",51.45573,0.04100905
cardtronics,"426-428 Whitehorse Road,THORNTON HEATH,UK CR7 8SB",51.39699,-0.09241343
cardtronics,"2-6 Clayponds Lane,BRENTFORD,UK TW8 0BL",51.48862,-0.2979085
cardtronics,"1 Neeld Parade,WEMBLEY,UK HA9 6QU",51.55353,-0.2863596
cardtronics,"MITCHAM,UK CR4 4BE",51.40011,-0.1693724
cardtronics,"8-10 Pier Parade,LONDON,UK E16 2LJ",51.50089,0.06269489
cardtronics,"Wembley Park Boulevard,WEMBLEY,UK HA9 0TG",51.55726,-0.2837796
cardtronics,"Wembley Park Boulevard,WEMBLEY,UK HA9 0TG",51.55726,-0.2837796
cardtronics,"269 Fore Street,LONDON,UK N18 2TY",51.61708,-0.06401446
cardtronics,"2-4 Varley Parade,COLINDALE,UK NW9 6RR",51.5873,-0.2508795
cardtronics,"2 The Pavement,LONDON,UK W5 4NG",51.49913,-0.300463
cardtronics,"12 Station Parade,LONDON,UK E11 1QF",51.58147,0.02143776
cardtronics,"1 Southend Road,Beckenham,UK BR3 1SD",51.41215,-0.02401219
cardtronics,"29 High Street,LONDON,UK E11 2AA",51.57964,0.02434086
cardtronics,"87 High Street,London,UK E11 2AE",51.57819,0.02622732
cardtronics,"2 Langstone Way,LONDON,UK NW7 1GU",51.60764,-0.2104488
cardtronics,"110 Browning Road,London,UK E12 6RD",51.54437,0.05512013
cardtronics,"Lower Mortlake Road,RICHMOND,UK TW9 2LL",51.46761,-0.2893808
cardtronics,"135 Wembley Park Drive,LONDON,UK HA9 8HQ",51.56213,-0.2814203
cardtronics,"127 Wembley Park,LONDON,UK HA9 8HQ",51.56213,-0.2814203
cardtronics,"51 Montagu Road,LONDON,UK N18 2LX",51.61544,-0.05215514
cardtronics,"18-20 Station Road,South Norwood,UK SE25 5AJ",51.39773,-0.0765651
cardtronics,"4-6 University Way,LONDON,UK E16 2RD",51.50734,0.06479127
cardtronics,"4-6 University Way,LONDON,UK E16 2RD",51.50734,0.06479127
cardtronics,"Next to Tesco,EALING,UK W5 5JY",51.51274,-0.3029802
cardtronics,"North Building,EALING,UK W5 5RF",51.50656,-0.3033894
cardtronics,"Cannon Hill,LONDON,UK N14 6LG",51.62381,-0.1227934
cardtronics,"110 Raglan Court,WEMBLEY,UK HA9 0RG",51.56039,-0.2840263
cardtronics,"112 Hare Street,London,UK SE18 6LZ",51.49323,0.06387064
cardtronics,"Norwood Junction Station (Cash Score),LONDON,UK SE25 5AG",51.3973,-0.07554013
cardtronics,"231, Edgware road,LONDON,UK NW9 6LU",51.58833,-0.2528287
cardtronics,"67 Browning Road,LONDON,UK E12 6RA",51.5457,0.05693082
cardtronics,"339 Hall Lane,London,UK E4 8QE",51.61044,-0.0302598
cardtronics,"9 Albany Parade,BRENTFORD,UK TW8 0JW",51.48574,-0.3006644
cardtronics,"30 Park Avenue,LONDON,UK E6 2SP",51.53283,0.06279118
cardtronics,"1 Bradymead,LONDON,UK E6 6WN",51.51302,0.06676367
cardtronics,"128 MORDEN ROAD,Mitcham,UK CR4 4DB",51.3998,-0.1800878
cardtronics,"276-288 Kingston Road,London,UK SW20 8LX",51.40917,-0.2129897
cardtronics,"5 Glenmore Parade,WEMBLEY,UK HA0 4PJ",51.54198,-0.2973721
cardtronics,"25 The Green,EALING,UK W5 5DA",51.51096,-0.3051659
cardtronics,"12-14 Burnside Avenue,LONDON,UK E4 8YJ",51.60862,-0.02323853
cardtronics,"537 Barking Road,London,UK E6 2LW",51.53414,0.06329896
cardtronics,"290 Ealing Road,WEMBLEY,UK HA0 4LL",51.54162,-0.2980729
cardtronics,"49A London Road,MORDEN,UK SM4 5HT",51.40246,-0.1931581
cardtronics,"431-435 Downham Way,Bromley,UK BR1 5HR",51.42738,0.01385639
cardtronics,"291 Croydon Road,BECKENHAM,UK BR3 3PR",51.40571,-0.03341535
cardtronics,"415b London Road,MITCHAM,UK CR4 4BJ",51.39748,-0.172807
cardtronics,"Tudor Parade,London,UK SE9 6SX",51.45852,0.04964019
cardtronics,"1 LESLIE SMITH SQUARE,WOOLWICH,UK SE18 4DW",51.48047,0.06259422
cardtronics,"77 Thornton Road,THORNTON HEATH,UK CR7 6BD",51.39232,-0.1164364
cardtronics,"o/s pc additions South Ealing Road,LONDON,UK W5 4QP",51.49841,-0.3056195
cardtronics,"o/s 53 Well Hall Road,Greenwich,UK SE9 6SZ",51.45789,0.04969984
cardtronics,"89 South Ealing Road,London,UK W5 4QS",51.49933,-0.3058974
cardtronics,"The Dome,Brentford,UK TW8 9AD",51.49162,-0.3045614
cardtronics,"234 South Ealing Road,EALING,UK W5 4RP",51.49466,-0.3056246
cardtronics,"142 South Ealing Road,LONDON,UK W5 4QJ",51.49961,-0.3064731
cardtronics,"Kingston Road,LONDON,UK SW20 8LR",51.40836,-0.2156771
cardtronics,"299 Hall Lane,CHINGFORoad,UK E4 8N",51.6126,-0.0303844
cardtronics,"177 Montagu Road,LONDON,UK N18 2NA",51.61845,-0.0508153
cardtronics,"123-127 Portland Road,London,UK SE25 4UX",51.39592,-0.06840613
cardtronics,"202 Winchester Road,London,UK E4 9JP",51.60202,-0.003569198
cardtronics,"268 Kingsbury Road,LONDON,UK NW9 0BT",51.58407,-0.2646361
cardtronics,"15 Newmarket Green,LONDON,UK SE9 5ER",51.4456,0.04040527
cardtronics,"Baring Road,LONDON,UK SE12 0DZ",51.43013,0.0215556
cardtronics,"53 Shooters Hill,London,UK SE18 3RL",51.47054,0.0603526
cardtronics,"299 Hall Lane,CHINGFORD,UK E4 8NU",51.61318,-0.02948675
cardtronics,"158-170 Well Hall Road,London,UK SE9 6SP",51.45661,0.05111623
cardtronics,"Perceval House,EALING,UK W5 2HL",51.51326,-0.3088876
cardtronics,"194 Herbert Road,LONDON,UK SE18 3PZ",51.47718,0.06417856
cardtronics,"Woolwich New Road,LONDON,UK SE18 6EU",51.49,0.06902836
cardtronics,"Woolwich Arsenal Railway Station,London,UK SE18 6EU",51.49,0.06902836
cardtronics,"1 Chingford Mount Road,WALTHAM FOREST,UK E4 8LU",51.60972,-0.01796628
cardtronics,"377-385 Fore Street,LONDON,UK N9 0NR",51.62231,-0.06183615
cardtronics,"893-903 Romford Road,LONDON,UK E12 5JT",51.55433,0.05768543
cardtronics,"PCO St Helier Avenue,MORDEN,UK SM4 6HY",51.39775,-0.1862251
cardtronics,"702 Mitcham Road,CROYDON,UK CR0 3AB",51.39014,-0.1320107
cardtronics,"48 Central Road,Morden,UK SM4 5RT",51.39814,-0.188969
cardtronics,"Unit 4,WEMBLEY,UK HA0 4YA",51.55082,-0.2982932
cardtronics,"1 SALCOMBE GARDENS,MILL HILL,UK NW7 2NU",51.60944,-0.2220535
cardtronics,"Worple Road,London,UK SW20 8RE",51.41087,-0.2281547
cardtronics,"Well Hall Road,LONDON,UK SE9 6SL",51.45418,0.05183413
cardtronics,"Well Hall Road,London,UK SE9 6SL",51.45418,0.05183413
cardtronics,"14 Plumstead Road,London,UK SE18 7BZ",51.49086,0.0714847
cardtronics,"Amigo Shop, Mayday Hospital,THORNTON HEATH,UK CR7 7YE",51.38908,-0.1087567
cardtronics,"121-123 Croydon Road,BECKENHAM,UK BR3 3RA",51.39877,-0.04228641
cardtronics,"15 Bromley Road,BECKENHAM,UK BR3 5NT",51.40697,-0.0166349
cardtronics,"9/15 Herbert Road,London,UK 0SE18",51.48111,0.0697466
cardtronics,"9-15 Herbert Road,London,UK SE18 3TB",51.48103,0.0697383
cardtronics,"Bishopsford Road,Morden,UK SM4 6AP",51.39325,-0.174856
cardtronics,"14 Well Hall Road,,LONDON,UK SE9 6SF",51.45153,0.0524218
cardtronics,"10-12 Church Street,LONDON,UK N9 9DX",51.62506,-0.06161405
cardtronics,"38 Selhurst Road,Selhurst,UK SE25 5QF",51.38883,-0.09036601
cardtronics,"68-74 Coombe Lane,London,UK SW20 0AX",51.40957,-0.232328
cardtronics,"117 Whitehorse Road,Croydon,UK CR0 2LG",51.38774,-0.09680609
cardtronics,"London Road,Barking,UK IG11 8BU",51.53834,0.07166714
cardtronics,"Studley Drive,ILFORD,UK IG4 5AH",51.57511,0.04644632
cardtronics,"96 - 122 Uxbridge Road,West Ealing,UK W13 8RA",51.51184,-0.3153294
cardtronics,"Woodford New Road,LONDON,UK E18 2QD",51.59966,0.01349455
cardtronics,"4-10 Sheen Road,Richmond,UK TW9 1AE",51.46229,-0.3014163
cardtronics,"Barnfield Road,London,UK W5 1QX",51.52606,-0.3144908
cardtronics,"202 Bromley Road,BECKENHAM,UK BR3 6PG",51.40638,-0.01035722
cardtronics,"107-109 Pitshanger Lane,London,UK W5 1RH",51.52568,-0.3146724
cardtronics,"187 Town Road,LONDON,UK N9 0HL",51.62403,-0.04877174
cardtronics,"100-104 Crown Lane,LONDON,UK N14 5EN",51.6319,-0.128583
cardtronics,"55-57 George Lane,South Woodford,UK E18 1JJ",51.5915,0.0279692
cardtronics,"100/102 GEORGE LANE,SOUTH WOODFORD,UK E18 1JJ",51.5915,0.0279692
cardtronics,"92-96 High Road,London,UK E18 2NA",51.59523,0.02246865
cardtronics,"2B Foxcroft Road,LONDON,UK SE18 3DB",51.47133,0.06970677
cardtronics,"122 Uxbridge Road,WEST EALING,UK W13 8",51.51125,-0.3171701
cardtronics,"325 Robin Hood Way,LONDON,UK SW20 0AB",51.41695,-0.2509879
cardtronics,"21 Mottingham Road,MOTTINGHAM,UK SE9 4QN",51.43779,0.04308914
cardtronics,"35-41 London Road,BRENTFORD,UK TW8 8JB",51.48216,-0.3127454
cardtronics,"Boston Manor Road,Brentford,UK TW8 9JQ",51.49015,-0.3153507
cardtronics,"1182 - 1202 High Road,WHETSTONE,UK N20 0LH",51.62786,-0.1744773
cardtronics,"470 Larkshall Road,London,UK E4 9HH",51.60886,-0.001089132
cardtronics,"129 Burnt Ash Lane,Bromley,UK BR1 5AJ",51.42103,0.02108373
cardtronics,"54 Manmarth Road,LONDON,UK N9 0LR",51.62642,-0.05373147
cardtronics,"1st Floor Hilton London Syon Park,BRENTFORD,UK TW8 8JF",51.4776,-0.3123496
cardtronics,"Watford Way (A1),MILL HILL,UK NW7 2ET",51.60746,-0.2420133
cardtronics,"525-527 Kingsbury Road,London,UK NW9 9EG",51.58482,-0.2785858
cardtronics,"134 Hertford Road,Edmonton,UK N9 7HL",51.62791,-0.05582199
cardtronics,"421 Edgware Road,London,UK NW9 0HS",51.59636,-0.2632159
cardtronics,"84 Belgrave Road,ILFORD,UK IG1 3AL",51.56245,0.06331123
cardtronics,"278 - 280 Court Road,MOTTINGHAM,UK SE9 4TU",51.43652,0.04541476
cardtronics,"215-221 Preston Road,Wembley,UK HA9 8NF",51.57068,-0.2950873
cardtronics,"2 Alexandria Road,London,UK W13 0NL",51.51299,-0.3213877
cardtronics,"O/S 13-13a Brewery Road,LONDON,UK SE18 7PS",51.48618,0.08025681
cardtronics,"160 - 168 Plumstead Common Road,London,UK SE18 2UL",51.48075,0.07854655
cardtronics,"27 - 29 Woodside Green,SOUTH NORWOOD,UK SE25 5EY",51.38625,-0.07137503
cardtronics,"63-65 Bounces Road,LONDON,UK N9 8JE",51.62848,-0.05253947
cardtronics,"1 Whinchat Road,LONDON,UK SE28 0DZ",51.49401,0.08278006
cardtronics,"136 Winchester Road,London,UK N9 9EF",51.63105,-0.06508093
cardtronics,"336 Ilford Lane,Ilford,UK IG1 2LT",51.54909,0.07511327
cardtronics,"318 Ilford Lane,ILFORD,UK IG1 2LT",51.54909,0.07511327
cardtronics,"200 Ilford Lane,ILFORD,UK IG1 2LW",51.5508,0.07418762
cardtronics,"231 Bounces Road,LONDON,UK N9 8LP",51.62806,-0.04623428
cardtronics,"38 Spring Lane,LONDON,UK SE25 4SU",51.38637,-0.06325271
cardtronics,"221 Ilford Lane,ILFORD,UK IG1 2RZ",51.55156,0.07438371
cardtronics,"273-275 Ilford Lane,IILFORD,UK IG1 2SD",51.55025,0.07511997
cardtronics,"433 Ilford Lane,Essex,UK IG1 2PG",51.5443,0.07813088
cardtronics,"97 Farwig Lane,Bromley,UK BR1 3RE",51.41122,0.01270438
cardtronics,"Cranbrook Road,ILFORD,UK IG1 4DU",51.55887,0.06989958
cardtronics,"141 Plumstead Road,LONDON,UK SE18 7DY",51.49013,0.08386207
cardtronics,"166 Upper Elmers End Road,Beckenham,UK BR3 3DY",51.39148,-0.03885108
cardtronics,"Shortlands Road,Bromley,UK BR2 0JA",51.40584,0.001865058
cardtronics,"229-231 Cranbrook Road,LONDON,UK IG1 4TD",51.56316,0.06726622
cardtronics,"196-212 Plumstead Common Road,London,UK SE18 2RS",51.48038,0.0812661
cardtronics,"551 Sidcup Road,London,UK SE9 3AF",51.43813,0.05208893
cardtronics,"201-203 Hertford Road,LONDON,UK N9 7EP",51.63116,-0.05569781
cardtronics,"o/s 386 Catch A Tan,CARSHALTON,UK SM5 1HP",51.3849,-0.1728784
cardtronics,"Bury Street West,LONDON,UK N9 9JJ",51.6341,-0.07101393
cardtronics,"113 Green Lane,MORDEN,UK SM4 6SE",51.39001,-0.1972368
cardtronics,"Valley Park Purley Way,CROYDON,UK CR0 4UZ",51.37983,-0.1238668
cardtronics,"28 Conway Road,LONDON,UK SE18 1AH",51.48719,0.08642192
cardtronics,"61 Lower Addiscombe Road,Croydon,UK CR0 6PQ",51.38071,-0.0879135
cardtronics,"3 Mitcham Road,CROYDON,UK CR0 3RU",51.37911,-0.1111588
cardtronics,"7-10 Silkstream Parade, Watling Ave,EDGWARE,UK HA8 0EJ",51.60292,-0.2635294
cardtronics,"168 Broadway,LONDON,UK W13 0TL",51.50988,-0.3278849
cardtronics,"Western Avenue,GREENFORD,UK UB6 8TF",51.53318,-0.3243199
cardtronics,"o/s 5 Watling Avenue,EDGEWARE,UK HA8 0LQ",51.60118,-0.2667904
cardtronics,"77 Longbridge Road,BARKING,UK IG11 8TG",51.54131,0.08388826
cardtronics,"17 Beehive Lane,ILFORD,UK IG1 3RG",51.5729,0.06387056
cardtronics,"110 Beehive Lane,Ilford,UK IG4 5EF",51.57772,0.05979548
cardtronics,"130 CHERRY ORCHARD ROAD,CROYDON,UK CR0 6BB",51.3796,-0.08742248
cardtronics,"219 HIGH ROAD,ILFORD,UK IG1 1LX",51.55963,0.07562445
cardtronics,"350-352 Richmond Road,TWICKENHAM,UK TW1 2DU",51.45481,-0.311484
cardtronics,"135 Ley Street,ILFORD,UK IG1 4BH",51.56125,0.0755891
cardtronics,"66 Kimmeridge Road,MOTTINGHAM,UK SE9 4EB",51.42685,0.04655898
cardtronics,"60 Kimmeridge Road,London,UK SE9 4EB",51.42685,0.04655898
cardtronics,"329 Hertford Road,EDMONTON,UK N9 7ET",51.63441,-0.05329876
cardtronics,"118/122 Orchard Way,Croydon,UK CR0 7NN",51.38612,-0.04017788
cardtronics,"124 Windermere Avenue,WEMBLEY,UK HA9 8RB",51.571,-0.308133
cardtronics,"7-8 Valley Side Parade,LONDON,UK E4 8AJ",51.62705,-0.02014451
cardtronics,"25 THE MARKET,CARSHALTON,UK SM5 1AG",51.38305,-0.1884841
cardtronics,"6/6A Lansdowne Road,Croydon,UK CR0 2BX",51.37655,-0.0961041
cardtronics,"Peterwood Way,Sussex,UK CR0 4UQ",51.37574,-0.1239648
cardtronics,"21 Woodford Avenue,Ilford,UK IG2 6UF",51.57725,0.06523565
cardtronics,"Hatch Lane,LONDON,UK E4 6LP",51.6184,0.003845064
cardtronics,"o/s 14-15 North Parade,EDGWARE,UK HA8 5QH",51.59812,-0.2785855
cardtronics,"203 Deansbrook Road,EDGWARE,UK HA8 9BU",51.61053,-0.2581615
cardtronics,"193 BURNT OAK BROADWAY,LONDON,UK HA8  5EH",51.60316,-0.2710585
cardtronics,"32 Woodford Avenue,ILFORD,UK IG2 6XQ",51.57827,0.06476835
cardtronics,"300 Grand Drive,London,UK SW20 9NQ",51.39202,-0.222667
cardtronics,"882 Great West Road,Isleworth,UK TW7 5NG",51.48321,-0.3297514
cardtronics,"154 Watford Road,WEMBLEY,UK HA0 3HF",51.55907,-0.3184283
cardtronics,"Studley Grange,London,UK W7 3QJ",51.50439,-0.333812
cardtronics,"190-214 Plumstead High Street,LONDON,UK SE18 1JH",51.48692,0.09372927
cardtronics,"O/S Queensbury Station,EDGWARE,UK HA8 5NP",51.59443,-0.2856537
cardtronics,"Links Way,Beckenham,UK BR3 3DG",51.38795,-0.02476585
cardtronics,"315 High Road,ILFORD,UK IG1 1NR",51.56062,0.0808713
cardtronics,"1 MALTON STREET,LONDON,UK SE18 2EH",51.47912,0.09211666
cardtronics,"16 Hatch Lane,London,UK E4 6LQ",51.61906,0.006278715
cardtronics,"Bromley,BROMLEY,UK BR1 1DN",51.40384,0.01660124
cardtronics,"High Street,BROMLEY,UK BR1 1DN",51.40384,0.01660124
cardtronics,"Bromley,BROMLEY,UK BR1 1DN",51.40384,0.01660124
cardtronics,"High Street,BROMLEY,UK BR1 1DN",51.40384,0.01660124
cardtronics,"Shannon Corner,NEW MALDEN,UK KT3 6HF",51.39868,-0.2436538
cardtronics,"George Street,CROYDON,UK CR0 1LF",51.37492,-0.09286431
cardtronics,"George Street,CROYDON,UK CR0 1LF",51.37492,-0.09286431
cardtronics,"George Street,CROYDON,UK CR0 1LF",51.37492,-0.09286431
cardtronics,"George Street,CROYDON,UK CR0 1LF",51.37492,-0.09286431
cardtronics,"33 South Street,Isleworth,UK TW7 7AL",51.4682,-0.3264724
cardtronics,"10 Court Parade,HARROW,UK HA0 3HU",51.56226,-0.3195425
cardtronics,"86-88, Church Street,CROYDON,UK CR0 1RB",51.37361,-0.1030768
cardtronics,"35 Beddington Lane,CROYDON,UK CR0 4TJ",51.37334,-0.1319542
cardtronics,"137 - 139 Gordon Road,Ilford,UK IG1 2XT",51.55325,0.08778046
cardtronics,"99 Greenford Avenue,London,UK W7 1HA",51.51605,-0.3373921
cardtronics,"129 Burnt Oak Broadway,Edgware,UK HA8 0AR",51.60631,-0.2728965
cardtronics,"O/S John Warren Bookmaker,NEW MALDEN,UK KT3 6NB",51.39422,-0.2386332
cardtronics,"233 East Barnet Road,Barnet,UK EN4 8SS",51.64307,-0.1640946
cardtronics,"48 High Street,CROYDON,UK CR0 1YB",51.37246,-0.1005992
cardtronics,"291 Bexley Road,LONDON,UK SE9 2NL",51.45304,0.08195999
cardtronics,"357 Chigwell Road,WOODFORD BRIDGE,UK IG8 8PE",51.60114,0.04438464
cardtronics,"412 Kenton Road,London,UK HA3 9DW",51.58729,-0.3001769
cardtronics,"Green Wrythe Lane,CARSHALTON,UK SM5 2DR",51.37532,-0.1695372
cardtronics,"370-380 Footscray Road,London,UK SE9 2AA",51.43858,0.07070748
cardtronics,"47a Stonecot Hill,SUTTON,UK SM3 9HH",51.38431,-0.2127889
cardtronics,"30 FAIRCROSS PARADE,BARKING,UK IG11 8UW",51.54577,0.09457856
cardtronics,"34-36 Faircross Parade,Barking,UK IG11 8UW",51.54577,0.09457856
cardtronics,"580 Hertford Road,LONDON,UK N9 8AH",51.63959,-0.04754108
cardtronics,"3-5 Leighton Road,Enfield,UK EN1 1XH",51.64305,-0.06613052
cardtronics,"115 Great Cambridge Road,Enfield,UK EN1 1JD",51.64236,-0.06136313
cardtronics,"98 - 100 Horsenden Lane North,Greenford,UK UB6 7QH",51.55019,-0.3309402
cardtronics,"123-125 Wrythe Lane,Carshalton,UK SM5 2RU",51.37573,-0.1776809
cardtronics,"162 BEXLEY ROAD,ELTHAM,UK SE9 2PH",51.45015,0.08189497
cardtronics,"152-154 Bexley Road,LONDON,UK SE9 2PH",51.45015,0.08189497
cardtronics,"67 Bramley Road,LONDON,UK N14 4EY",51.64688,-0.1343594
cardtronics,"327-331 Greenford Avenue,London,UK W7 1JH",51.52239,-0.3399985
cardtronics,"327 - 331 GreenfoRoad Avenue,London,UK W7 1J",51.52275,-0.3401714
cardtronics,"133-135 Widmore Road,BROMLEY,UK BR1 3AX",51.4066,0.0310028
cardtronics,"133-135 Widmore Road,BROMLEY,UK BR1 3AX",51.4066,0.0310028
cardtronics,"5-15 High Street,ENFIELD,UK EN3 4EJ",51.64025,-0.04725146
cardtronics,"5-15 High Street,ENFIELD,UK EN3 4EJ",51.64025,-0.04725146
cardtronics,"45 Masons Hill,Bromley,UK BR2 9HD",51.39894,0.01818171
cardtronics,"O/S 147 Hale Lane,EDGWARE,UK HA8 9QW",51.61673,-0.2611182
cardtronics,"130 Hale Lane,EDGEWARE,UK HA8 9RZ",51.6172,-0.2610026
cardtronics,"113 - 117 Wrythe Lane,Carshalton,UK SM5 2RR",51.37395,-0.1767388
cardtronics,"3 Wickham Lane,London,UK SE2 0XJ",51.48507,0.1026191
cardtronics,"189 Bramley Road,LONDON,UK N14 4XA",51.64886,-0.1290734
cardtronics,"51-53 Main Avenue,Middlesex,UK EN1 1DS",51.64488,-0.0639391
cardtronics,"375 Purley Way,Croydon,UK CR0 4NX",51.36866,-0.118042
cardtronics,"71 Richmond Road,Twickenham,UK TW1 3AW",51.4494,-0.3232162
cardtronics,"14-20 Farr Avenue,BARKING,UK IG11 0NZ",51.52874,0.1046997
cardtronics,"83 Kingston Road,NEW MALDEN,UK KT3 3PB",51.39983,-0.2616462
cardtronics,"225-227 Wickham Road,Croydon,UK CR0 8TG",51.37526,-0.04732155
cardtronics,"165 Alfreds Way,BARKING,UK IG11 0AT",51.53247,0.1045635
cardtronics,"373 Lincoln Road,ENFIELD,UK EN3 4AG",51.64359,-0.05099096
cardtronics,"179 Shirley Road,CROYDON,UK CR0 8TF",51.37488,-0.04871563
cardtronics,"8-9 Central Parade,ILFORD,UK IG2 7DE",51.57288,0.08380213
cardtronics,"330 Lincoln Road,ENFIELD,UK EN3 4AE",51.64418,-0.05247512
cardtronics,"Apex Corner,London,UK NW7 3ET",51.62228,-0.2551914
cardtronics,"159 Kingston Road,NEW MAULDEN,UK KT3 3NS",51.40125,-0.266419
cardtronics,"233 - 235 Kenton Road,HARROW,UK HA3 0HQ",51.58448,-0.311748
cardtronics,"178 Kings Road,Kingston-upon-Thames,UK KT2 5HU",51.41893,-0.294576
cardtronics,"205-217 Kingston Road,New Malden,UK KT3 3SY",51.40429,-0.2722482
cardtronics,"514 Ripple Road,Barking,UK IG11 9PG",51.53336,0.1055938
cardtronics,"21-23 Falconwood Park,Welling,UK DA16 2PQ",51.45734,0.09341184
cardtronics,"53 Sewardstone Road,London,UK E4 7PU",51.63499,-0.01357947
cardtronics,"Eastern Avenue,ILFORD,UK IG2 7RH",51.57385,0.08422962
cardtronics,"758 Eastern Avenue,ILFORD,UK IG2 7HU",51.57338,0.08493643
cardtronics,"742 Eastern Avenue,ILFORD,UK IG2 7HU",51.57338,0.08493643
cardtronics,"64 Coombe Road,KINGSTON UPON THAMES,UK KT2 7AE",51.41236,-0.286473
cardtronics,"187-201 London Road,Kingston-Upon-Thames,UK KT2 6PQ",51.4135,-0.2881784
cardtronics,"O/S No 66 Stewardstone Road,London,UK E4 7PR",51.63527,-0.01269123
cardtronics,"257 Wickham Lane,LONDON,UK SE2 0NX",51.47853,0.1051643
cardtronics,"16-18 Cockfosters Parade,London,UK EN4 9EB",51.65052,-0.1496549
cardtronics,"185 Eynsham Drive,London,UK SE2 9",51.49292,0.1094871
cardtronics,"182 Eynsham Drive,LONDON,UK SE2 9PS",51.49288,0.1096108
cardtronics,"116 South Street,ENFIELD,UK EN3 4QA",51.64321,-0.03850662
cardtronics,"1-13 Station Road,ChingfoRoad,UK E4 7B",51.6308,0.0022958
cardtronics,"93-97 Kenton Road,HARROW,UK HA3 0AN",51.58102,-0.3182763
cardtronics,"o/s Sudbury Hill Station,HARROW,UK HA1 3QN",51.55775,-0.3357318
cardtronics,"155 Greenford Road,HARROW,UK HA1 3QN",51.55775,-0.3357318
cardtronics,"824 London Road,NORTH CHEAM,UK SM3 9BJ",51.37953,-0.2182816
cardtronics,"75 South End,CROYDON,UK CR0 1BF",51.36598,-0.09877708
cardtronics,"798 Wickham Road,CROYDON,UK CR0 8EB",51.37699,-0.02782748
cardtronics,"1 Station Road,London,UK E4 7BJ",51.63111,0.00351274
cardtronics,"147-173 Bellegrove Road,Welling,UK DA16 3QS",51.46341,0.1004085
cardtronics,"os 50 London Road,LONDON,UK TW1 3RJ",51.44845,-0.3287691
cardtronics,"50 London Road,Twickenham,UK TW1 3RJ",51.44845,-0.3287691
cardtronics,"744-748 Greenford Road,Greenford,UK UB6 8QQ",51.53493,-0.346652
cardtronics,"41 London Road,LONDON,UK TW1 9SY",51.44945,-0.3297204
cardtronics,"Great North Road,BARNET,UK EN5 1AB",51.6466,-0.1880355
cardtronics,"Cockfosters SF Connect,COCKFOSTERS,UK EN4 0DZ",51.65197,-0.1498963
cardtronics,"59 EAST BARNET ROAD,BARNET,UK EN4 8RN",51.64976,-0.1710395
cardtronics,"208 Cambridge Road,KINGSTON UPON THAMES,UK KT1 3LU",51.40659,-0.2825626
cardtronics,"204 Cambridge Road,KINGSTON UPON THAMES,UK KT1 3LU",51.40659,-0.2825626